{
  "id": "FeatureCountSeries_NLEvaluatable",
  "name": "FeatureCountSeries",
  "srcType": "NLEvaluatable",
  "actionDecl": {
    "action": "featureCountSeries"
  },
  "description": "This metric returns a Timeseries where each data point is a MappObj of 'feature'->value for documents within that data point's time interval. Documents are processed and values computed according to the CorpusLanguageModel's spec",
  "variables": [{
    "name": "processingSpec",
    "dataType": "CorpusProcessSpec",
    "description": "The corpus model that the srcObj's documents should be evaluated against"
  },
  {
    "name": "timedDocumentSpecs",
    "dataType": "TimedDocumentSpec",
    "description": "Specs for the documents related to each srcObj that should be evaluated"
  }]
}
