{
    "id": "en-default",
    "description": "Common english use specs for nlp. Will remove punctuation, stopwords and stems",
    "steps": [
        {
            "type": "PythonRemovePunctuationSpec"
        },
        {
            "type": "PythonRemoveStopWordsForLocaleSpec",
            "locale": {
                "id": "en_US",
                "language": "en"
            }
        },
        {
            "type": "PythonStemForLocaleSpec",
            "locale": {
                "id": "en_US",
                "language": "en"
            }
        },
        {
            "type": "PythonRemoveCharactersSpec",
            "blackList": "0123456789"
        }
    ]
}
