{
    "id": "en-basic",
    "description": "A simple PythonTextPreProcessSpec that removes punctuation and stop words, and stems all remaining words",
    "steps": [
        {
            "type": "PythonRemovePunctuationSpec"
        },
        {
            "type": "PythonRemoveStopWordsForLocaleSpec",
            "locale": {
                "id": "en_US",
                "language": "en"
            }
        },
        {
            "type": "PythonStemForLocaleSpec",
            "locale": {
                "id": "en_US",
                "language": "en"
            }
        }
    ]
}
