[
  {
    "status": 1,
    "end": "2012-10-23T12:00:00.000-07:00",
    "temperature": 121,
    "power": 63,
    "lumens": 14,
    "start": "2012-10-23T11:00:00.000-07:00",
    "parent": {
      "id": "SBMS_serialNo_SMBLB74"
    },
    "voltage": 944.6,
    "type": "SmartBulbMeasurement",
    "id": "SBMS_serialNo_SMBLB74#BJ"
  },
  {
    "status": 1,
    "end": "2013-09-12T22:00:00.000-07:00",
    "temperature": 13,
    "power": 58,
    "lumens": 919.1,
    "start": "2013-09-12T21:00:00.000-07:00",
    "parent": {
      "id": "SBMS_serialNo_SMBLB74"
    },
    "voltage": 120,
    "type": "SmartBulbMeasurement",
    "id": "SBMS_serialNo_SMBLB74#V"
  },
  {
    "status": 1,
    "end": "2014-04-28T22:00:00.000-07:00",
    "temperature": 118,
    "power": 58,
    "lumens": 15,
    "start": "2014-04-28T21:00:00.000-07:00",
    "parent": {
      "id": "SBMS_serialNo_SMBLB74"
    },
    "voltage": 901.5,
    "type": "SmartBulbMeasurement",
    "id": "SBMS_serialNo_SMBLB74#C4"
  },
  {
    "status": 1,
    "end": "2011-02-24T23:00:00.000-08:00",
    "temperature": 119,
    "power": 16,
    "lumens": 995.1,
    "start": "2011-02-24T22:00:00.000-08:00",
    "parent": {
      "id": "SBMS_serialNo_SMBLB40"
    },
    "voltage": 78,
    "type": "SmartBulbMeasurement",
    "id": "SBMS_serialNo_SMBLB40#BD"
  },
  {
    "status": 1,
    "end": "2012-10-19T16:00:00.000-07:00",
    "temperature": 120,
    "power": 15,
    "lumens": 945,
    "start": "2012-10-19T15:00:00.000-07:00",
    "parent": {
      "id": "SBMS_serialNo_SMBLB40"
    },
    "voltage": 73,
    "type": "SmartBulbMeasurement",
    "id": "SBMS_serialNo_SMBLB40#E"
  },
  {
    "status": 1,
    "end": "2011-03-15T16:00:00.000-07:00",
    "temperature": 87,
    "power": 15,
    "lumens": 993.9,
    "start": "2011-03-15T15:00:00.000-07:00",
    "parent": {
      "id": "SBMS_serialNo_SMBLB96"
    },
    "voltage": 120,
    "type": "SmartBulbMeasurement",
    "id": "SBMS_serialNo_SMBLB96#CR"
  },
  {
    "status": 1,
    "end": "2011-03-29T18:00:00.000-07:00",
    "temperature": 94,
    "power": 121,
    "lumens": 992.8,
    "start": "2011-03-29T17:00:00.000-07:00",
    "parent": {
      "id": "SBMS_serialNo_SMBLB96"
    },
    "voltage": 16,
    "type": "SmartBulbMeasurement",
    "id": "SBMS_serialNo_SMBLB96#BK"
  },
  {
    "status": 1,
    "end": "2013-12-23T17:00:00.000-08:00",
    "temperature": 911.3,
    "power": 14,
    "lumens": 96,
    "start": "2013-12-23T16:00:00.000-08:00",
    "parent": {
      "id": "SBMS_serialNo_SMBLB66"
    },
    "voltage": 119,
    "type": "SmartBulbMeasurement",
    "id": "SBMS_serialNo_SMBLB66#K"
  },
  {
    "status": 1,
    "end": "2011-10-19T00:00:00.000-07:00",
    "temperature": 16,
    "power": 120,
    "lumens": 66,
    "start": "2011-10-18T23:00:00.000-07:00",
    "parent": {
      "id": "SBMS_serialNo_SMBLB49"
    },
    "voltage": 975.5,
    "type": "SmartBulbMeasurement",
    "id": "SBMS_serialNo_SMBLB49#BR"
  },
  {
    "status": 1,
    "end": "2012-05-14T15:00:00.000-07:00",
    "temperature": 958,
    "power": 14,
    "lumens": 119,
    "start": "2012-05-14T14:00:00.000-07:00",
    "parent": {
      "id": "SBMS_serialNo_SMBLB49"
    },
    "voltage": 70,
    "type": "SmartBulbMeasurement",
    "id": "SBMS_serialNo_SMBLB49#CA"
  },
  {
    "status": 1,
    "end": "2012-07-04T15:00:00.000-07:00",
    "temperature": 14,
    "power": 120,
    "lumens": 66,
    "start": "2012-07-04T14:00:00.000-07:00",
    "parent": {
      "id": "SBMS_serialNo_SMBLB49"
    },
    "voltage": 953.9,
    "type": "SmartBulbMeasurement",
    "id": "SBMS_serialNo_SMBLB49#G"
  },
  {
    "status": 1,
    "end": "2012-06-24T22:00:00.000-07:00",
    "temperature": 15,
    "power": 82,
    "lumens": 954.8,
    "start": "2012-06-24T21:00:00.000-07:00",
    "parent": {
      "id": "SBMS_serialNo_SMBLB35"
    },
    "voltage": 119,
    "type": "SmartBulbMeasurement",
    "id": "SBMS_serialNo_SMBLB35#3"
  },
  {
    "status": 1,
    "end": "2012-07-03T17:00:00.000-07:00",
    "temperature": 15,
    "power": 119,
    "lumens": 56,
    "start": "2012-07-03T16:00:00.000-07:00",
    "parent": {
      "id": "SBMS_serialNo_SMBLB35"
    },
    "voltage": 953.9,
    "type": "SmartBulbMeasurement",
    "id": "SBMS_serialNo_SMBLB35#DB"
  },
  {
    "status": 1,
    "end": "2013-05-13T22:00:00.000-07:00",
    "temperature": 14,
    "power": 119,
    "lumens": 94,
    "start": "2013-05-13T21:00:00.000-07:00",
    "parent": {
      "id": "SBMS_serialNo_SMBLB72"
    },
    "voltage": 928.2,
    "type": "SmartBulbMeasurement",
    "id": "SBMS_serialNo_SMBLB72#P"
  },
  {
    "status": 1,
    "end": "2013-01-30T16:00:00.000-08:00",
    "temperature": 16,
    "power": 122,
    "lumens": 937.1,
    "start": "2013-01-30T15:00:00.000-08:00",
    "parent": {
      "id": "SBMS_serialNo_SMBLB83"
    },
    "voltage": 68,
    "type": "SmartBulbMeasurement",
    "id": "SBMS_serialNo_SMBLB83#BV"
  },
  {
    "status": 1,
    "end": "2011-09-01T22:00:00.000-07:00",
    "temperature": 119,
    "power": 979.1,
    "lumens": 15,
    "start": "2011-09-01T21:00:00.000-07:00",
    "parent": {
      "id": "SBMS_serialNo_SMBLB79"
    },
    "voltage": 82,
    "type": "SmartBulbMeasurement",
    "id": "SBMS_serialNo_SMBLB79#CD"
  },
  {
    "status": 1,
    "end": "2011-06-09T15:00:00.000-07:00",
    "temperature": 15,
    "power": 48,
    "lumens": 119,
    "start": "2011-06-09T14:00:00.000-07:00",
    "parent": {
      "id": "SBMS_serialNo_SMBLB53"
    },
    "voltage": 986,
    "type": "SmartBulbMeasurement",
    "id": "SBMS_serialNo_SMBLB53#BO"
  },
  {
    "status": 1,
    "end": "2011-10-13T12:00:00.000-07:00",
    "temperature": 16,
    "power": 974.9,
    "lumens": 122,
    "start": "2011-10-13T11:00:00.000-07:00",
    "parent": {
      "id": "SBMS_serialNo_SMBLB86"
    },
    "voltage": 59,
    "type": "SmartBulbMeasurement",
    "id": "SBMS_serialNo_SMBLB86#S"
  },
  {
    "status": 1,
    "end": "2012-02-27T16:00:00.000-08:00",
    "temperature": 68,
    "power": 963.6,
    "lumens": 16,
    "start": "2012-02-27T15:00:00.000-08:00",
    "parent": {
      "id": "SBMS_serialNo_SMBLB86"
    },
    "voltage": 119,
    "type": "SmartBulbMeasurement",
    "id": "SBMS_serialNo_SMBLB86#CJ"
  },
  {
    "status": 1,
    "end": "2011-10-24T18:00:00.000-07:00",
    "temperature": 96,
    "power": 15,
    "lumens": 974.6,
    "start": "2011-10-24T17:00:00.000-07:00",
    "parent": {
      "id": "SBMS_serialNo_SMBLB82"
    },
    "voltage": 118,
    "type": "SmartBulbMeasurement",
    "id": "SBMS_serialNo_SMBLB82#BB"
  },
  {
    "status": 1,
    "end": "2012-02-26T23:00:00.000-08:00",
    "temperature": 15,
    "power": 121,
    "lumens": 82,
    "start": "2012-02-26T22:00:00.000-08:00",
    "parent": {
      "id": "SBMS_serialNo_SMBLB82"
    },
    "voltage": 964.1,
    "type": "SmartBulbMeasurement",
    "id": "SBMS_serialNo_SMBLB82#CK"
  },
  {
    "status": 1,
    "end": "2011-08-26T19:00:00.000-07:00",
    "temperature": 121,
    "power": 979.6,
    "lumens": 16,
    "start": "2011-08-26T18:00:00.000-07:00",
    "parent": {
      "id": "SBMS_serialNo_SMBLB20"
    },
    "voltage": 61,
    "type": "SmartBulbMeasurement",
    "id": "SBMS_serialNo_SMBLB20#CF"
  },
  {
    "status": 1,
    "end": "2012-10-17T12:00:00.000-07:00",
    "temperature": 69,
    "power": 121,
    "lumens": 945.4,
    "start": "2012-10-17T11:00:00.000-07:00",
    "parent": {
      "id": "SBMS_serialNo_SMBLB6"
    },
    "voltage": 14,
    "type": "SmartBulbMeasurement",
    "id": "SBMS_serialNo_SMBLB6#D"
  },
  {
    "status": 1,
    "end": "2012-01-15T20:00:00.000-08:00",
    "temperature": 68,
    "power": 967.6,
    "lumens": 15,
    "start": "2012-01-15T19:00:00.000-08:00",
    "parent": {
      "id": "SBMS_serialNo_SMBLB11"
    },
    "voltage": 120,
    "type": "SmartBulbMeasurement",
    "id": "SBMS_serialNo_SMBLB11#CG"
  },
  {
    "status": 1,
    "end": "2013-07-07T16:00:00.000-07:00",
    "temperature": 63,
    "power": 119,
    "lumens": 923.7,
    "start": "2013-07-07T15:00:00.000-07:00",
    "parent": {
      "id": "SBMS_serialNo_SMBLB34"
    },
    "voltage": 15,
    "type": "SmartBulbMeasurement",
    "id": "SBMS_serialNo_SMBLB34#DD"
  },
  {
    "status": 1,
    "end": "2014-08-04T19:00:00.000-07:00",
    "temperature": 893.3,
    "power": 83,
    "lumens": 120,
    "start": "2014-08-04T18:00:00.000-07:00",
    "parent": {
      "id": "SBMS_serialNo_SMBLB34"
    },
    "voltage": 14,
    "type": "SmartBulbMeasurement",
    "id": "SBMS_serialNo_SMBLB34#M"
  },
  {
    "status": 1,
    "end": "2013-12-20T18:00:00.000-08:00",
    "temperature": 910.7,
    "power": 15,
    "lumens": 121,
    "start": "2013-12-20T17:00:00.000-08:00",
    "parent": {
      "id": "SBMS_serialNo_SMBLB87"
    },
    "voltage": 59,
    "type": "SmartBulbMeasurement",
    "id": "SBMS_serialNo_SMBLB87#CH"
  },
  {
    "status": 1,
    "end": "2012-05-16T00:00:00.000-07:00",
    "temperature": 958,
    "power": 119,
    "lumens": 52,
    "start": "2012-05-15T23:00:00.000-07:00",
    "parent": {
      "id": "SBMS_serialNo_SMBLB61"
    },
    "voltage": 15,
    "type": "SmartBulbMeasurement",
    "id": "SBMS_serialNo_SMBLB61#CW"
  },
  {
    "status": 1,
    "end": "2012-07-03T20:00:00.000-07:00",
    "temperature": 953.5,
    "power": 15,
    "lumens": 58,
    "start": "2012-07-03T19:00:00.000-07:00",
    "parent": {
      "id": "SBMS_serialNo_SMBLB28"
    },
    "voltage": 119,
    "type": "SmartBulbMeasurement",
    "id": "SBMS_serialNo_SMBLB28#BY"
  },
  {
    "status": 1,
    "end": "2013-05-01T22:00:00.000-07:00",
    "temperature": 929.5,
    "power": 120,
    "lumens": 58,
    "start": "2013-05-01T21:00:00.000-07:00",
    "parent": {
      "id": "SBMS_serialNo_SMBLB28"
    },
    "voltage": 13,
    "type": "SmartBulbMeasurement",
    "id": "SBMS_serialNo_SMBLB28#DC"
  },
  {
    "status": 1,
    "end": "2013-05-29T15:00:00.000-07:00",
    "temperature": 120,
    "power": 62,
    "lumens": 927.4,
    "start": "2013-05-29T14:00:00.000-07:00",
    "parent": {
      "id": "SBMS_serialNo_SMBLB28"
    },
    "voltage": 15,
    "type": "SmartBulbMeasurement",
    "id": "SBMS_serialNo_SMBLB28#CN"
  },
  {
    "status": 1,
    "end": "2014-07-23T13:00:00.000-07:00",
    "temperature": 894.3,
    "power": 15,
    "lumens": 120,
    "start": "2014-07-23T12:00:00.000-07:00",
    "parent": {
      "id": "SBMS_serialNo_SMBLB89"
    },
    "voltage": 71,
    "type": "SmartBulbMeasurement",
    "id": "SBMS_serialNo_SMBLB89#BM"
  },
  {
    "status": 1,
    "end": "2014-03-06T18:00:00.000-08:00",
    "temperature": 69,
    "power": 905.1,
    "lumens": 122,
    "start": "2014-03-06T17:00:00.000-08:00",
    "parent": {
      "id": "SBMS_serialNo_SMBLB5"
    },
    "voltage": 16,
    "type": "SmartBulbMeasurement",
    "id": "SBMS_serialNo_SMBLB5#CO"
  },
  {
    "status": 1,
    "end": "2013-04-18T12:00:00.000-07:00",
    "temperature": 79,
    "power": 930.1,
    "lumens": 15,
    "start": "2013-04-18T11:00:00.000-07:00",
    "parent": {
      "id": "SBMS_serialNo_SMBLB26"
    },
    "voltage": 120,
    "type": "SmartBulbMeasurement",
    "id": "SBMS_serialNo_SMBLB26#CQ"
  },
  {
    "status": 1,
    "end": "2012-01-30T16:00:00.000-08:00",
    "temperature": 121,
    "power": 966.6,
    "lumens": 88,
    "start": "2012-01-30T15:00:00.000-08:00",
    "parent": {
      "id": "SBMS_serialNo_SMBLB76"
    },
    "voltage": 14,
    "type": "SmartBulbMeasurement",
    "id": "SBMS_serialNo_SMBLB76#L"
  },
  {
    "status": 1,
    "end": "2013-02-20T23:00:00.000-08:00",
    "temperature": 92,
    "power": 935,
    "lumens": 15,
    "start": "2013-02-20T22:00:00.000-08:00",
    "parent": {
      "id": "SBMS_serialNo_SMBLB76"
    },
    "voltage": 121,
    "type": "SmartBulbMeasurement",
    "id": "SBMS_serialNo_SMBLB76#W"
  },
  {
    "status": 1,
    "end": "2013-05-26T17:00:00.000-07:00",
    "temperature": 84,
    "power": 119,
    "lumens": 927.8,
    "start": "2013-05-26T16:00:00.000-07:00",
    "parent": {
      "id": "SBMS_serialNo_SMBLB76"
    },
    "voltage": 16,
    "type": "SmartBulbMeasurement",
    "id": "SBMS_serialNo_SMBLB76#F"
  },
  {
    "status": 1,
    "end": "2013-09-22T12:00:00.000-07:00",
    "temperature": 918.6,
    "power": 45,
    "lumens": 120,
    "start": "2013-09-22T11:00:00.000-07:00",
    "parent": {
      "id": "SBMS_serialNo_SMBLB76"
    },
    "voltage": 14,
    "type": "SmartBulbMeasurement",
    "id": "SBMS_serialNo_SMBLB76#CX"
  },
  {
    "status": 1,
    "end": "2014-06-11T20:00:00.000-07:00",
    "temperature": 14,
    "power": 90,
    "lumens": 898.4,
    "start": "2014-06-11T19:00:00.000-07:00",
    "parent": {
      "id": "SBMS_serialNo_SMBLB97"
    },
    "voltage": 120,
    "type": "SmartBulbMeasurement",
    "id": "SBMS_serialNo_SMBLB97#CT"
  },
  {
    "status": 1,
    "end": "2011-01-30T16:00:00.000-08:00",
    "temperature": 119,
    "power": 82,
    "lumens": 15,
    "start": "2011-01-30T15:00:00.000-08:00",
    "parent": {
      "id": "SBMS_serialNo_SMBLB9"
    },
    "voltage": 997.4,
    "type": "SmartBulbMeasurement",
    "id": "SBMS_serialNo_SMBLB9#BX"
  },
  {
    "status": 1,
    "end": "2012-08-13T18:00:00.000-07:00",
    "temperature": 15,
    "power": 92,
    "lumens": 119,
    "start": "2012-08-13T17:00:00.000-07:00",
    "parent": {
      "id": "SBMS_serialNo_SMBLB9"
    },
    "voltage": 950.4,
    "type": "SmartBulbMeasurement",
    "id": "SBMS_serialNo_SMBLB9#J"
  },
  {
    "status": 1,
    "end": "2013-02-12T19:00:00.000-08:00",
    "temperature": 88,
    "power": 15,
    "lumens": 935.4,
    "start": "2013-02-12T18:00:00.000-08:00",
    "parent": {
      "id": "SBMS_serialNo_SMBLB9"
    },
    "voltage": 121,
    "type": "SmartBulbMeasurement",
    "id": "SBMS_serialNo_SMBLB9#CE"
  },
  {
    "status": 1,
    "end": "2014-07-23T00:00:00.000-07:00",
    "temperature": 80,
    "power": 121,
    "lumens": 894.3,
    "start": "2014-07-22T23:00:00.000-07:00",
    "parent": {
      "id": "SBMS_serialNo_SMBLB9"
    },
    "voltage": 15,
    "type": "SmartBulbMeasurement",
    "id": "SBMS_serialNo_SMBLB9#DE"
  },
  {
    "status": 1,
    "end": "2014-11-04T20:00:00.000-08:00",
    "temperature": 15,
    "power": 887,
    "lumens": 121,
    "start": "2014-11-04T19:00:00.000-08:00",
    "parent": {
      "id": "SBMS_serialNo_SMBLB52"
    },
    "voltage": 96,
    "type": "SmartBulbMeasurement",
    "id": "SBMS_serialNo_SMBLB52#B"
  },
  {
    "status": 1,
    "end": "2014-11-05T13:00:00.000-08:00",
    "temperature": 887,
    "power": 54,
    "lumens": 122,
    "start": "2014-11-05T12:00:00.000-08:00",
    "parent": {
      "id": "SBMS_serialNo_SMBLB52"
    },
    "voltage": 15,
    "type": "SmartBulbMeasurement",
    "id": "SBMS_serialNo_SMBLB52#C3"
  },
  {
    "status": 1,
    "end": "2013-10-05T15:00:00.000-07:00",
    "temperature": 118,
    "power": 16,
    "lumens": 64,
    "start": "2013-10-05T14:00:00.000-07:00",
    "parent": {
      "id": "SBMS_serialNo_SMBLB16"
    },
    "voltage": 916.7,
    "type": "SmartBulbMeasurement",
    "id": "SBMS_serialNo_SMBLB16#BQ"
  },
  {
    "status": 1,
    "end": "2011-01-30T13:00:00.000-08:00",
    "temperature": 13,
    "power": 121,
    "lumens": 44,
    "start": "2011-01-30T12:00:00.000-08:00",
    "parent": {
      "id": "SBMS_serialNo_SMBLB70"
    },
    "voltage": 997.5,
    "type": "SmartBulbMeasurement",
    "id": "SBMS_serialNo_SMBLB70#CP"
  },
  {
    "status": 1,
    "end": "2011-12-05T15:00:00.000-08:00",
    "temperature": 14,
    "power": 971.6,
    "lumens": 118,
    "start": "2011-12-05T14:00:00.000-08:00",
    "parent": {
      "id": "SBMS_serialNo_SMBLB70"
    },
    "voltage": 61,
    "type": "SmartBulbMeasurement",
    "id": "SBMS_serialNo_SMBLB70#B7"
  },
  {
    "status": 1,
    "end": "2011-12-28T21:00:00.000-08:00",
    "temperature": 68,
    "power": 121,
    "lumens": 969.7,
    "start": "2011-12-28T20:00:00.000-08:00",
    "parent": {
      "id": "SBMS_serialNo_SMBLB70"
    },
    "voltage": 15,
    "type": "SmartBulbMeasurement",
    "id": "SBMS_serialNo_SMBLB70#BF"
  },
  {
    "status": 1,
    "end": "2013-04-22T16:00:00.000-07:00",
    "temperature": 121,
    "power": 69,
    "lumens": 16,
    "start": "2013-04-22T15:00:00.000-07:00",
    "parent": {
      "id": "SBMS_serialNo_SMBLB70"
    },
    "voltage": 930.7,
    "type": "SmartBulbMeasurement",
    "id": "SBMS_serialNo_SMBLB70#C6"
  },
  {
    "status": 1,
    "end": "2011-09-05T22:00:00.000-07:00",
    "temperature": 979.5,
    "power": 82,
    "lumens": 120,
    "start": "2011-09-05T21:00:00.000-07:00",
    "parent": {
      "id": "SBMS_serialNo_SMBLB2"
    },
    "voltage": 15,
    "type": "SmartBulbMeasurement",
    "id": "SBMS_serialNo_SMBLB2#BP"
  },
  {
    "status": 1,
    "end": "2013-10-01T19:00:00.000-07:00",
    "temperature": 916.9,
    "power": 59,
    "lumens": 121,
    "start": "2013-10-01T18:00:00.000-07:00",
    "parent": {
      "id": "SBMS_serialNo_SMBLB2"
    },
    "voltage": 14,
    "type": "SmartBulbMeasurement",
    "id": "SBMS_serialNo_SMBLB2#C"
  },
  {
    "status": 1,
    "end": "2011-03-04T14:00:00.000-08:00",
    "temperature": 64,
    "power": 994.4,
    "lumens": 120,
    "start": "2011-03-04T13:00:00.000-08:00",
    "parent": {
      "id": "SBMS_serialNo_SMBLB62"
    },
    "voltage": 15,
    "type": "SmartBulbMeasurement",
    "id": "SBMS_serialNo_SMBLB62#BL"
  },
  {
    "status": 1,
    "end": "2012-09-26T23:00:00.000-07:00",
    "temperature": 12,
    "power": 83,
    "lumens": 947.1,
    "start": "2012-09-26T22:00:00.000-07:00",
    "parent": {
      "id": "SBMS_serialNo_SMBLB62"
    },
    "voltage": 120,
    "type": "SmartBulbMeasurement",
    "id": "SBMS_serialNo_SMBLB62#X"
  },
  {
    "status": 1,
    "end": "2013-01-29T23:00:00.000-08:00",
    "temperature": 121,
    "power": 937.4,
    "lumens": 72,
    "start": "2013-01-29T22:00:00.000-08:00",
    "parent": {
      "id": "SBMS_serialNo_SMBLB62"
    },
    "voltage": 13,
    "type": "SmartBulbMeasurement",
    "id": "SBMS_serialNo_SMBLB62#T"
  },
  {
    "status": 1,
    "end": "2011-04-19T17:00:00.000-07:00",
    "temperature": 121,
    "power": 82,
    "lumens": 991.1,
    "start": "2011-04-19T16:00:00.000-07:00",
    "parent": {
      "id": "SBMS_serialNo_SMBLB12"
    },
    "voltage": 15,
    "type": "SmartBulbMeasurement",
    "id": "SBMS_serialNo_SMBLB12#5"
  },
  {
    "status": 1,
    "end": "2011-05-11T23:00:00.000-07:00",
    "temperature": 989.2,
    "power": 121,
    "lumens": 59,
    "start": "2011-05-11T22:00:00.000-07:00",
    "parent": {
      "id": "SBMS_serialNo_SMBLB12"
    },
    "voltage": 14,
    "type": "SmartBulbMeasurement",
    "id": "SBMS_serialNo_SMBLB12#CC"
  },
  {
    "status": 1,
    "end": "2011-09-01T21:00:00.000-07:00",
    "temperature": 121,
    "power": 979.2,
    "lumens": 15,
    "start": "2011-09-01T20:00:00.000-07:00",
    "parent": {
      "id": "SBMS_serialNo_SMBLB58"
    },
    "voltage": 74,
    "type": "SmartBulbMeasurement",
    "id": "SBMS_serialNo_SMBLB58#CZ"
  },
  {
    "status": 1,
    "end": "2014-07-29T18:00:00.000-07:00",
    "temperature": 74,
    "power": 16,
    "lumens": 119,
    "start": "2014-07-29T17:00:00.000-07:00",
    "parent": {
      "id": "SBMS_serialNo_SMBLB58"
    },
    "voltage": 894.1,
    "type": "SmartBulbMeasurement",
    "id": "SBMS_serialNo_SMBLB58#BE"
  },
  {
    "status": 1,
    "end": "2012-01-25T22:00:00.000-08:00",
    "temperature": 71,
    "power": 15,
    "lumens": 122,
    "start": "2012-01-25T21:00:00.000-08:00",
    "parent": {
      "id": "SBMS_serialNo_SMBLB46"
    },
    "voltage": 967.6,
    "type": "SmartBulbMeasurement",
    "id": "SBMS_serialNo_SMBLB46#B4"
  },
  {
    "status": 1,
    "end": "2014-06-17T14:00:00.000-07:00",
    "temperature": 14,
    "power": 898,
    "lumens": 44,
    "start": "2014-06-17T13:00:00.000-07:00",
    "parent": {
      "id": "SBMS_serialNo_SMBLB46"
    },
    "voltage": 120,
    "type": "SmartBulbMeasurement",
    "id": "SBMS_serialNo_SMBLB46#B3"
  },
  {
    "status": 1,
    "end": "2012-03-28T12:00:00.000-07:00",
    "temperature": 14,
    "power": 961.9,
    "lumens": 120,
    "start": "2012-03-28T11:00:00.000-07:00",
    "parent": {
      "id": "SBMS_serialNo_SMBLB84"
    },
    "voltage": 65,
    "type": "SmartBulbMeasurement",
    "id": "SBMS_serialNo_SMBLB84#CY"
  },
  {
    "status": 1,
    "end": "2011-01-18T11:00:00.000-08:00",
    "temperature": 65,
    "power": 118,
    "lumens": 998.6,
    "start": "2011-01-18T10:00:00.000-08:00",
    "parent": {
      "id": "SBMS_serialNo_SMBLB100"
    },
    "voltage": 16,
    "type": "SmartBulbMeasurement",
    "id": "SBMS_serialNo_SMBLB100#CV"
  },
  {
    "status": 1,
    "end": "2011-02-13T15:00:00.000-08:00",
    "temperature": 15,
    "power": 51,
    "lumens": 120,
    "start": "2011-02-13T14:00:00.000-08:00",
    "parent": {
      "id": "SBMS_serialNo_SMBLB100"
    },
    "voltage": 996.4,
    "type": "SmartBulbMeasurement",
    "id": "SBMS_serialNo_SMBLB100#BW"
  },
  {
    "status": 1,
    "end": "2011-09-26T18:00:00.000-07:00",
    "temperature": 70,
    "power": 16,
    "lumens": 977.8,
    "start": "2011-09-26T17:00:00.000-07:00",
    "parent": {
      "id": "SBMS_serialNo_SMBLB100"
    },
    "voltage": 119,
    "type": "SmartBulbMeasurement",
    "id": "SBMS_serialNo_SMBLB100#BZ"
  },
  {
    "status": 1,
    "end": "2012-11-01T20:00:00.000-07:00",
    "temperature": 60,
    "power": 120,
    "lumens": 16,
    "start": "2012-11-01T19:00:00.000-07:00",
    "parent": {
      "id": "SBMS_serialNo_SMBLB100"
    },
    "voltage": 944.5,
    "type": "SmartBulbMeasurement",
    "id": "SBMS_serialNo_SMBLB100#R"
  },
  {
    "status": 1,
    "end": "2012-10-04T19:00:00.000-07:00",
    "temperature": 946.3,
    "power": 59,
    "lumens": 16,
    "start": "2012-10-04T18:00:00.000-07:00",
    "parent": {
      "id": "SBMS_serialNo_SMBLB67"
    },
    "voltage": 121,
    "type": "SmartBulbMeasurement",
    "id": "SBMS_serialNo_SMBLB67#7"
  },
  {
    "status": 1,
    "end": "2011-01-03T13:00:00.000-08:00",
    "temperature": 56,
    "power": 14,
    "lumens": 120,
    "start": "2011-01-03T12:00:00.000-08:00",
    "parent": {
      "id": "SBMS_serialNo_SMBLB1"
    },
    "voltage": 999.8,
    "type": "SmartBulbMeasurement",
    "id": "SBMS_serialNo_SMBLB1#BH"
  },
  {
    "status": 1,
    "end": "2012-09-03T14:00:00.000-07:00",
    "temperature": 120,
    "power": 15,
    "lumens": 949.2,
    "start": "2012-09-03T13:00:00.000-07:00",
    "parent": {
      "id": "SBMS_serialNo_SMBLB1"
    },
    "voltage": 84,
    "type": "SmartBulbMeasurement",
    "id": "SBMS_serialNo_SMBLB1#N"
  },
  {
    "status": 1,
    "end": "2011-09-28T17:00:00.000-07:00",
    "temperature": 16,
    "power": 977.2,
    "lumens": 119,
    "start": "2011-09-28T16:00:00.000-07:00",
    "parent": {
      "id": "SBMS_serialNo_SMBLB15"
    },
    "voltage": 94,
    "type": "SmartBulbMeasurement",
    "id": "SBMS_serialNo_SMBLB15#B2"
  },
  {
    "status": 1,
    "end": "2013-09-10T18:00:00.000-07:00",
    "temperature": 919.4,
    "power": 120,
    "lumens": 16,
    "start": "2013-09-10T17:00:00.000-07:00",
    "parent": {
      "id": "SBMS_serialNo_SMBLB19"
    },
    "voltage": 68,
    "type": "SmartBulbMeasurement",
    "id": "SBMS_serialNo_SMBLB19#H"
  },
  {
    "status": 1,
    "end": "2013-09-15T15:00:00.000-07:00",
    "temperature": 15,
    "power": 72,
    "lumens": 919,
    "start": "2013-09-15T14:00:00.000-07:00",
    "parent": {
      "id": "SBMS_serialNo_SMBLB19"
    },
    "voltage": 122,
    "type": "SmartBulbMeasurement",
    "id": "SBMS_serialNo_SMBLB19#CI"
  },
  {
    "status": 1,
    "end": "2013-05-15T14:00:00.000-07:00",
    "temperature": 928.4,
    "power": 120,
    "lumens": 16,
    "start": "2013-05-15T13:00:00.000-07:00",
    "parent": {
      "id": "SBMS_serialNo_SMBLB73"
    },
    "voltage": 74,
    "type": "SmartBulbMeasurement",
    "id": "SBMS_serialNo_SMBLB73#BT"
  },
  {
    "status": 1,
    "end": "2014-08-19T14:00:00.000-07:00",
    "temperature": 15,
    "power": 120,
    "lumens": 892.1,
    "start": "2014-08-19T13:00:00.000-07:00",
    "parent": {
      "id": "SBMS_serialNo_SMBLB73"
    },
    "voltage": 46,
    "type": "SmartBulbMeasurement",
    "id": "SBMS_serialNo_SMBLB73#O"
  },
  {
    "status": 1,
    "end": "2012-12-26T13:00:00.000-08:00",
    "temperature": 121,
    "power": 74,
    "lumens": 16,
    "start": "2012-12-26T12:00:00.000-08:00",
    "parent": {
      "id": "SBMS_serialNo_SMBLB39"
    },
    "voltage": 940.2,
    "type": "SmartBulbMeasurement",
    "id": "SBMS_serialNo_SMBLB39#U"
  },
  {
    "status": 1,
    "end": "2011-08-03T20:00:00.000-07:00",
    "temperature": 120,
    "power": 82,
    "lumens": 15,
    "start": "2011-08-03T19:00:00.000-07:00",
    "parent": {
      "id": "SBMS_serialNo_SMBLB38"
    },
    "voltage": 981.9,
    "type": "SmartBulbMeasurement",
    "id": "SBMS_serialNo_SMBLB38#CM"
  },
  {
    "status": 1,
    "end": "2014-06-17T14:00:00.000-07:00",
    "temperature": 118,
    "power": 72,
    "lumens": 14,
    "start": "2014-06-17T13:00:00.000-07:00",
    "parent": {
      "id": "SBMS_serialNo_SMBLB38"
    },
    "voltage": 898,
    "type": "SmartBulbMeasurement",
    "id": "SBMS_serialNo_SMBLB38#2"
  },
  {
    "status": 1,
    "end": "2011-01-20T17:00:00.000-08:00",
    "temperature": 14,
    "power": 56,
    "lumens": 998.3,
    "start": "2011-01-20T16:00:00.000-08:00",
    "parent": {
      "id": "SBMS_serialNo_SMBLB85"
    },
    "voltage": 120,
    "type": "SmartBulbMeasurement",
    "id": "SBMS_serialNo_SMBLB85#C2"
  },
  {
    "status": 1,
    "end": "2014-10-02T20:00:00.000-07:00",
    "temperature": 16,
    "power": 121,
    "lumens": 90,
    "start": "2014-10-02T19:00:00.000-07:00",
    "parent": {
      "id": "SBMS_serialNo_SMBLB14"
    },
    "voltage": 889.4,
    "type": "SmartBulbMeasurement",
    "id": "SBMS_serialNo_SMBLB14#Y"
  },
  {
    "status": 1,
    "end": "2011-06-03T16:00:00.000-07:00",
    "temperature": 53,
    "power": 14,
    "lumens": 987.1,
    "start": "2011-06-03T15:00:00.000-07:00",
    "parent": {
      "id": "SBMS_serialNo_SMBLB36"
    },
    "voltage": 122,
    "type": "SmartBulbMeasurement",
    "id": "SBMS_serialNo_SMBLB36#Z"
  },
  {
    "status": 1,
    "end": "2012-09-15T17:00:00.000-07:00",
    "temperature": 92,
    "power": 948,
    "lumens": 15,
    "start": "2012-09-15T16:00:00.000-07:00",
    "parent": {
      "id": "SBMS_serialNo_SMBLB36"
    },
    "voltage": 121,
    "type": "SmartBulbMeasurement",
    "id": "SBMS_serialNo_SMBLB36#B5"
  },
  {
    "status": 1,
    "end": "2011-06-05T15:00:00.000-07:00",
    "temperature": 121,
    "power": 986.9,
    "lumens": 15,
    "start": "2011-06-05T14:00:00.000-07:00",
    "parent": {
      "id": "SBMS_serialNo_SMBLB63"
    },
    "voltage": 60,
    "type": "SmartBulbMeasurement",
    "id": "SBMS_serialNo_SMBLB63#BI"
  },
  {
    "status": 1,
    "end": "2012-03-28T13:00:00.000-07:00",
    "temperature": 961.8,
    "power": 15,
    "lumens": 51,
    "start": "2012-03-28T12:00:00.000-07:00",
    "parent": {
      "id": "SBMS_serialNo_SMBLB63"
    },
    "voltage": 118,
    "type": "SmartBulbMeasurement",
    "id": "SBMS_serialNo_SMBLB63#Q"
  },
  {
    "status": 1,
    "end": "2011-03-22T00:00:00.000-07:00",
    "temperature": 993.3,
    "power": 120,
    "lumens": 16,
    "start": "2011-03-21T23:00:00.000-07:00",
    "parent": {
      "id": "SBMS_serialNo_SMBLB4"
    },
    "voltage": 78,
    "type": "SmartBulbMeasurement",
    "id": "SBMS_serialNo_SMBLB4#C7"
  },
  {
    "status": 1,
    "end": "2013-12-31T18:00:00.000-08:00",
    "temperature": 15,
    "power": 121,
    "lumens": 89,
    "start": "2013-12-31T17:00:00.000-08:00",
    "parent": {
      "id": "SBMS_serialNo_SMBLB4"
    },
    "voltage": 910,
    "type": "SmartBulbMeasurement",
    "id": "SBMS_serialNo_SMBLB4#I"
  },
  {
    "status": 1,
    "end": "2011-05-12T22:00:00.000-07:00",
    "temperature": 119,
    "power": 56,
    "lumens": 16,
    "start": "2011-05-12T21:00:00.000-07:00",
    "parent": {
      "id": "SBMS_serialNo_SMBLB48"
    },
    "voltage": 989,
    "type": "SmartBulbMeasurement",
    "id": "SBMS_serialNo_SMBLB48#BS"
  },
  {
    "status": 1,
    "end": "2014-08-19T13:00:00.000-07:00",
    "temperature": 15,
    "power": 120,
    "lumens": 893.4,
    "start": "2014-08-19T12:00:00.000-07:00",
    "parent": {
      "id": "SBMS_serialNo_SMBLB48"
    },
    "voltage": 67,
    "type": "SmartBulbMeasurement",
    "id": "SBMS_serialNo_SMBLB48#CL"
  },
  {
    "status": 1,
    "end": "2011-10-03T13:00:00.000-07:00",
    "temperature": 976.3,
    "power": 14,
    "lumens": 79,
    "start": "2011-10-03T12:00:00.000-07:00",
    "parent": {
      "id": "SBMS_serialNo_SMBLB3"
    },
    "voltage": 120,
    "type": "SmartBulbMeasurement",
    "id": "SBMS_serialNo_SMBLB3#6"
  },
  {
    "status": 1,
    "end": "2013-12-08T17:00:00.000-08:00",
    "temperature": 84,
    "power": 912.5,
    "lumens": 119,
    "start": "2013-12-08T16:00:00.000-08:00",
    "parent": {
      "id": "SBMS_serialNo_SMBLB17"
    },
    "voltage": 16,
    "type": "SmartBulbMeasurement",
    "id": "SBMS_serialNo_SMBLB17#B6"
  },
  {
    "status": 1,
    "end": "2011-02-13T19:00:00.000-08:00",
    "temperature": 996.2,
    "power": 98,
    "lumens": 15,
    "start": "2011-02-13T18:00:00.000-08:00",
    "parent": {
      "id": "SBMS_serialNo_SMBLB43"
    },
    "voltage": 121,
    "type": "SmartBulbMeasurement",
    "id": "SBMS_serialNo_SMBLB43#BA"
  },
  {
    "status": 1,
    "end": "2012-12-01T14:00:00.000-08:00",
    "temperature": 122,
    "power": 60,
    "lumens": 941.8,
    "start": "2012-12-01T13:00:00.000-08:00",
    "parent": {
      "id": "SBMS_serialNo_SMBLB43"
    },
    "voltage": 16,
    "type": "SmartBulbMeasurement",
    "id": "SBMS_serialNo_SMBLB43#CS"
  },
  {
    "status": 1,
    "end": "2012-01-09T17:00:00.000-08:00",
    "temperature": 119,
    "power": 15,
    "lumens": 64,
    "start": "2012-01-09T16:00:00.000-08:00",
    "parent": {
      "id": "SBMS_serialNo_SMBLB45"
    },
    "voltage": 968.5,
    "type": "SmartBulbMeasurement",
    "id": "SBMS_serialNo_SMBLB45#CU"
  },
  {
    "status": 1,
    "end": "2013-07-24T00:00:00.000-07:00",
    "temperature": 923.5,
    "power": 16,
    "lumens": 121,
    "start": "2013-07-23T23:00:00.000-07:00",
    "parent": {
      "id": "SBMS_serialNo_SMBLB45"
    },
    "voltage": 58,
    "type": "SmartBulbMeasurement",
    "id": "SBMS_serialNo_SMBLB45#BN"
  },
  {
    "status": 1,
    "end": "2014-09-07T22:00:00.000-07:00",
    "temperature": 119,
    "power": 56,
    "lumens": 14,
    "start": "2014-09-07T21:00:00.000-07:00",
    "parent": {
      "id": "SBMS_serialNo_SMBLB45"
    },
    "voltage": 891.4,
    "type": "SmartBulbMeasurement",
    "id": "SBMS_serialNo_SMBLB45#CB"
  },
  {
    "status": 1,
    "end": "2014-09-10T22:00:00.000-07:00",
    "temperature": 891.7,
    "power": 84,
    "lumens": 119,
    "start": "2014-09-10T21:00:00.000-07:00",
    "parent": {
      "id": "SBMS_serialNo_SMBLB54"
    },
    "voltage": 15,
    "type": "SmartBulbMeasurement",
    "id": "SBMS_serialNo_SMBLB54#C5"
  },
  {
    "status": 1,
    "end": "2013-02-10T21:00:00.000-08:00",
    "temperature": 80,
    "power": 16,
    "lumens": 936.9,
    "start": "2013-02-10T20:00:00.000-08:00",
    "parent": {
      "id": "SBMS_serialNo_SMBLB65"
    },
    "voltage": 120,
    "type": "SmartBulbMeasurement",
    "id": "SBMS_serialNo_SMBLB65#BC"
  },
  {
    "status": 1,
    "end": "2011-10-24T18:00:00.000-07:00",
    "temperature": 74,
    "power": 122,
    "lumens": 975.2,
    "start": "2011-10-24T17:00:00.000-07:00",
    "parent": {
      "id": "SBMS_serialNo_SMBLB59"
    },
    "voltage": 16,
    "type": "SmartBulbMeasurement",
    "id": "SBMS_serialNo_SMBLB59#4"
  },
  {
    "status": 1,
    "end": "2014-04-11T19:00:00.000-07:00",
    "temperature": 119,
    "power": 14,
    "lumens": 83,
    "start": "2014-04-11T18:00:00.000-07:00",
    "parent": {
      "id": "SBMS_serialNo_SMBLB75"
    },
    "voltage": 902.2,
    "type": "SmartBulbMeasurement",
    "id": "SBMS_serialNo_SMBLB75#BG"
  },
  {
    "status": 1,
    "end": "2014-09-05T18:00:00.000-07:00",
    "temperature": 891.7,
    "power": 94,
    "lumens": 121,
    "start": "2014-09-05T17:00:00.000-07:00",
    "parent": {
      "id": "SBMS_serialNo_SMBLB93"
    },
    "voltage": 16,
    "type": "SmartBulbMeasurement",
    "id": "SBMS_serialNo_SMBLB93#BU"
  },
  {
    "status": 1,
    "end": "2012-07-09T21:00:00.000-07:00",
    "temperature": 14,
    "power": 121,
    "lumens": 86,
    "start": "2012-07-09T20:00:00.000-07:00",
    "parent": {
      "id": "SBMS_serialNo_SMBLB42"
    },
    "voltage": 953.6,
    "type": "SmartBulbMeasurement",
    "id": "SBMS_serialNo_SMBLB42#DA"
  }
]
