{
	"info": {
		"_postman_id": "caba2b7a-16c3-4bc4-905b-385e7b7c06ab",
		"name": "/import API",
		"schema": "https://schema.getpostman.com/json/collection/v2.1.0/collection.json"
	},
	"item": [
		{
			"name": "CanonicalSmartBulbMeasurement",
			"request": {
				"method": "PUT",
				"header": [
					{
						"key": "Content-Type",
						"value": "text/csv;"
					},
					{
						"key": "Authorization",
						"value": "<AUTH_TOKEN>"
					}
				],
				"body": {
					"mode": "file",
					"file": {}
				},
				"url": {
					"raw": "<HOST_URL>/import/1/<TENANT>/<TAG>/CanonicalSmartBulbMeasurement/SmartBulbMeasurement.csv",
					"host": [
						"<HOST_URL>"
					],
					"path": [
						"import",
						"1",
						"<TENANT>",
						"<TAG>",
						"CanonicalSmartBulbMeasurement",
						"SmartBulbMeasurement.csv"
					]
				}
			},
			"response": []
		}
	],
	"protocolProfileBehavior": {}
}