{   "id": "py-pythonEnv" ,
    "name": "py-pythonEnv",
    "connector": "remote",
      "language": "Python",
      "runtime": "CPython",
      "runtimeVersion": "3.6",
      "modules": {
        "conda.numpy": "=1.16.4",
        "conda.cython": "=0.29.12",
        "conda.scikit-learn": "=0.21.2",
        "conda.scipy": "=1.2.1",
        "conda.pip": "=19.1.1",
        "conda.ply": "=3.11",
        "conda.pandas": "=0.24.2",
        "conda.openblas": "=0.3.6",
        "conda.matplotlib": "=3.1.0",
        "conda.dill": "=0.3.1.1"
      },
      "repositories": [
        "https://repo.continuum.io/pkgs/main",
        "https://artifacts.c3-e.com/v1/anaconda",
        "conda-forge"
      ]
    }