id,parent,comment,timestamp
SMBLBWKLG1,SMBLB1,EVERYTHING OK,2013-07-16T14:00:00-0700
SMBLBWKLG2,SMBLB1,OK,2014-05-18T13:00:00-0700
SMBLBWKLG3,SMBLB1,SOME DUST; NO ISSUES,2014-07-01T17:00:00-0700
SMBLBWKLG4,SMBLB1,BULB LOOKS GOOD,2014-12-09T03:00:00-0800
SMBLBWKLG5,SMBLB1,BULB HEATS UP TOO MUCH; WORKS BUT FLICKERS A LITTLE,2015-02-01T02:00:00-0800
SMBLBWKLG6,SMBLB2,CLEANED BULB FOR DUST; EVERYTHING OK,2013-06-19T06:00:00-0700
SMBLBWKLG7,SMBLB2,GOOD,2013-08-07T07:00:00-0700
SMBLBWKLG8,SMBLB2,NO ISSUES; SOME DEAD BUGS,2013-08-26T00:00:00-0700
SMBLBWKLG9,SMBLB2,EVERYTHING OK,2014-04-09T05:00:00-0700
SMBLBWKLG10,SMBLB2,BULB SEEMS TO WORK; LOTS OF FLICKERING AND SOME HEAT,2014-10-09T03:00:00-0700
SMBLBWKLG11,SMBLB3,SOME VISUAL DAMAGE; BULB STILL WORKS,2012-01-07T08:00:00-0800
SMBLBWKLG12,SMBLB3,EVERYTHING OK,2012-08-15T05:00:00-0700
SMBLBWKLG13,SMBLB3,LOTS OF DUST; OTHERWISE OK,2012-08-16T05:00:00-0700
SMBLBWKLG14,SMBLB3,EVERYTHING OK,2013-07-05T23:00:00-0700
SMBLBWKLG15,SMBLB3,BULB HEATS UP TOO MUCH; WORKS BUT FLICKERS A LITTLE,2014-09-17T17:00:00-0700
SMBLBWKLG16,SMBLB4,FIXTURE A LITTLE DAMAGED BUT WORKING,2011-08-20T11:00:00-0700
SMBLBWKLG17,SMBLB4,A LITTLE DISCOLORED BUT OK,2013-10-09T23:00:00-0700
SMBLBWKLG18,SMBLB4,BULB WAS LOOSE,2014-04-12T05:00:00-0700
SMBLBWKLG19,SMBLB4,OK,2014-06-16T07:00:00-0700
SMBLBWKLG20,SMBLB4,BULB GIVING OFF A LOT OF HEAT; FLICKERING A LITTLE,2014-10-16T03:00:00-0700
SMBLBWKLG21,SMBLB5,CLEANED OUT DEAD BUGS; EVERYTHING OK,2013-05-18T09:00:00-0700
SMBLBWKLG22,SMBLB5,OK,2013-12-18T04:00:00-0800
SMBLBWKLG23,SMBLB5,SOME DEAD BUGS; OTHERWISE GOOD,2014-06-02T10:00:00-0700
SMBLBWKLG24,SMBLB5,BULB LOOKS GOOD,2014-06-16T06:00:00-0700
SMBLBWKLG25,SMBLB5,BULB IS NOISY WITH LOTS OF FLICKERING; SOME HEAT COMING OFF THE BULB TOO,2014-10-14T19:00:00-0700
SMBLBWKLG26,SMBLB6,BULB WAS LOOSE,2013-12-12T23:00:00-0800
SMBLBWKLG27,SMBLB6,FIXTURE A LITTLE DAMAGED BUT WORKING,2014-07-26T10:00:00-0700
SMBLBWKLG28,SMBLB6,NO ISSUES,2014-07-27T22:00:00-0700
SMBLBWKLG29,SMBLB6,BULB WAS LOOSE,2014-08-12T06:00:00-0700
SMBLBWKLG30,SMBLB6,BULB IS FLICKERING WITH A LITTLE HEAT,2014-09-20T11:00:00-0700
SMBLBWKLG31,SMBLB7,BULB OK,2012-02-24T22:00:00-0800
SMBLBWKLG32,SMBLB7,SOME INSECTS; NO PROBLEMS,2014-06-17T15:00:00-0700
SMBLBWKLG33,SMBLB7,NO ISSUES; SOME DEAD BUGS,2014-07-18T03:00:00-0700
SMBLBWKLG34,SMBLB7,CLEANED OUT DEAD BUGS; EVERYTHING OK,2014-08-12T15:00:00-0700
SMBLBWKLG35,SMBLB7,A LOT OF HEAT; FILAMENT SEEMS OK; SOME FLICKERING,2014-10-28T00:00:00-0700
SMBLBWKLG36,SMBLB8,LOTS OF DUST; OTHERWISE OK,2012-01-19T12:00:00-0800
SMBLBWKLG37,SMBLB8,FIXTURE A LITTLE DAMAGED BUT WORKING,2012-11-30T02:00:00-0800
SMBLBWKLG38,SMBLB8,CLEANED BULB FOR DUST; EVERYTHING OK,2014-01-26T01:00:00-0800
SMBLBWKLG39,SMBLB8,SOME DEAD BUGS; OTHERWISE GOOD,2014-04-25T03:00:00-0700
SMBLBWKLG40,SMBLB8,BLUB FLICKERS WHEN TOUCHED; TOO MUCH HEAT,2014-10-01T06:00:00-0700
SMBLBWKLG41,SMBLB9,OK,2014-07-05T03:00:00-0700
SMBLBWKLG42,SMBLB9,FIXTURE COSMETIC DAMAGE; BULB IS GOOD,2014-07-27T17:00:00-0700
SMBLBWKLG43,SMBLB9,OK,2014-08-18T02:00:00-0700
SMBLBWKLG44,SMBLB9,FIXTURE A LITTLE DAMAGED BUT WORKING,2014-09-03T08:00:00-0700
SMBLBWKLG45,SMBLB9,BROWNING FROM TOO MUCH HEAT; FLICKERS PERIODICALLY,2014-09-27T16:00:00-0700
SMBLBWKLG46,SMBLB10,EVERYTHING OK,2014-09-25T00:00:00-0700
SMBLBWKLG47,SMBLB10,CLEANED OUT DEAD BUGS; EVERYTHING OK,2014-10-09T18:00:00-0700
SMBLBWKLG48,SMBLB10,EVERYTHING OK,2014-10-09T06:00:00-0700
SMBLBWKLG49,SMBLB10,A LITTLE DISCOLORED BUT OK,2014-10-20T23:00:00-0700
SMBLBWKLG50,SMBLB10,BULB RADIATES SIGNIFICANT HEAT; FLICKERS HERE AND THERE,2014-11-15T16:00:00-0800
SMBLBWKLG51,SMBLB11,BULB OK,2011-12-06T19:00:00-0800
SMBLBWKLG52,SMBLB11,EVERYTHING OK,2014-05-01T10:00:00-0700
SMBLBWKLG53,SMBLB11,SOME VISUAL DAMAGE; BULB STILL WORKS,2014-10-08T05:00:00-0700
SMBLBWKLG54,SMBLB11,FIXTURE COSMETIC DAMAGE; BULB IS GOOD,2014-10-17T02:00:00-0700
SMBLBWKLG55,SMBLB11,BULB BLACKENING FROM THE HEAT; SOME FLICKERING AS WELL,2014-11-29T15:00:00-0800
SMBLBWKLG56,SMBLB12,BULB OK,2011-02-15T10:00:00-0800
SMBLBWKLG57,SMBLB12,SOME DUST; NO ISSUES,2011-07-14T05:00:00-0700
SMBLBWKLG58,SMBLB12,GOOD,2013-05-17T10:00:00-0700
SMBLBWKLG59,SMBLB12,SOME INSECTS; NO PROBLEMS,2013-11-03T08:00:00-0800
SMBLBWKLG60,SMBLB12,BROWNING FROM TOO MUCH HEAT; FLICKERS PERIODICALLY,2014-11-06T06:00:00-0800
SMBLBWKLG61,SMBLB13,BULB WAS LOOSE,2013-07-18T12:00:00-0700
SMBLBWKLG62,SMBLB13,SOME DUST; NO ISSUES,2014-09-03T05:00:00-0700
SMBLBWKLG63,SMBLB13,BULB WAS LOOSE,2014-09-19T10:00:00-0700
SMBLBWKLG64,SMBLB13,GOOD,2014-10-08T02:00:00-0700
SMBLBWKLG65,SMBLB13,BULB IS HOT; TURING BLACK; FLICKERING A LOT,2014-10-22T04:00:00-0700
SMBLBWKLG66,SMBLB14,GOOD,2012-11-06T16:00:00-0800
SMBLBWKLG67,SMBLB14,SOME VISUAL DAMAGE; BULB STILL WORKS,2014-07-13T19:00:00-0700
SMBLBWKLG68,SMBLB14,NO ISSUES,2014-07-17T11:00:00-0700
SMBLBWKLG69,SMBLB14,LOTS OF DUST; OTHERWISE OK,2014-09-07T22:00:00-0700
SMBLBWKLG70,SMBLB14,BULB STINKS OF MELTED PLASTIC; VERY HOT WITH FLICKERING,2014-10-02T04:00:00-0700
SMBLBWKLG71,SMBLB15,OK,2011-06-14T06:00:00-0700
SMBLBWKLG72,SMBLB15,SOME VISUAL DAMAGE; BULB STILL WORKS,2014-06-08T09:00:00-0700
SMBLBWKLG73,SMBLB15,SOME DEAD BUGS; OTHERWISE GOOD,2014-09-29T21:00:00-0700
SMBLBWKLG74,SMBLB15,FIXTURE COSMETIC DAMAGE; BULB IS GOOD,2014-10-29T09:00:00-0700
SMBLBWKLG75,SMBLB15,A LOT OF HEAT; FILAMENT SEEMS OK; SOME FLICKERING,2014-12-10T08:00:00-0800
SMBLBWKLG76,SMBLB16,A LITTLE DISCOLORED BUT OK,2014-03-20T17:00:00-0700
SMBLBWKLG77,SMBLB16,FIXTURE COSMETIC DAMAGE; BULB IS GOOD,2014-08-01T02:00:00-0700
SMBLBWKLG78,SMBLB16,FIXTURE COSMETIC DAMAGE; BULB IS GOOD,2014-08-13T13:00:00-0700
SMBLBWKLG79,SMBLB16,BULB OK,2014-08-12T23:00:00-0700
SMBLBWKLG80,SMBLB16,BLUB FLICKERS WHEN TOUCHED; TOO MUCH HEAT,2014-09-22T07:00:00-0700
SMBLBWKLG81,SMBLB17,NO PROBLEMS,2012-10-12T04:00:00-0700
SMBLBWKLG82,SMBLB17,SOME VISUAL DAMAGE; BULB STILL WORKS,2014-01-05T20:00:00-0800
SMBLBWKLG83,SMBLB17,NO ISSUES,2014-03-15T09:00:00-0700
SMBLBWKLG84,SMBLB17,NO PROBLEMS,2014-03-27T11:00:00-0700
SMBLBWKLG85,SMBLB17,BULB HEATS UP TOO MUCH; WORKS BUT FLICKERS A LITTLE,2014-11-25T08:00:00-0800
SMBLBWKLG86,SMBLB18,SOME DUST; NO ISSUES,2014-02-18T05:00:00-0800
SMBLBWKLG87,SMBLB18,BULB A LITTLE LOOSE,2014-04-25T19:00:00-0700
SMBLBWKLG88,SMBLB18,CLEANED BULB FOR DUST; EVERYTHING OK,2014-05-13T05:00:00-0700
SMBLBWKLG89,SMBLB18,GOOD,2014-08-07T23:00:00-0700
SMBLBWKLG90,SMBLB18,BULB SEEMS TO WORK; LOTS OF FLICKERING AND SOME HEAT,2014-10-17T13:00:00-0700
SMBLBWKLG91,SMBLB19,BULB OK,2012-09-27T07:00:00-0700
SMBLBWKLG92,SMBLB19,LOTS OF DUST; OTHERWISE OK,2013-08-25T22:00:00-0700
SMBLBWKLG93,SMBLB19,LOTS OF DUST; OTHERWISE OK,2014-09-15T09:00:00-0700
SMBLBWKLG94,SMBLB19,BULB OK,2014-10-18T22:00:00-0700
SMBLBWKLG95,SMBLB19,BULB IS DISCOLORED; SOME FLICKERING AND HEAT,2014-11-02T18:00:00-0800
SMBLBWKLG96,SMBLB20,NO ISSUES,2012-09-13T09:00:00-0700
SMBLBWKLG97,SMBLB20,SOME DUST; NO ISSUES,2013-09-13T08:00:00-0700
SMBLBWKLG98,SMBLB20,FIXTURE A LITTLE DAMAGED BUT WORKING,2014-04-25T00:00:00-0700
SMBLBWKLG99,SMBLB20,BULB LOOKS GOOD,2014-06-22T20:00:00-0700
SMBLBWKLG100,SMBLB20,BLUB FLICKERS WHEN TOUCHED; TOO MUCH HEAT,2014-10-21T19:00:00-0700
SMBLBWKLG101,SMBLB21,SOME DUST; NO ISSUES,2011-02-27T02:00:00-0800
SMBLBWKLG102,SMBLB21,BULB LOOKS GOOD,2014-11-12T21:00:00-0800
SMBLBWKLG103,SMBLB21,CLEANED OUT DEAD BUGS; EVERYTHING OK,2014-12-12T03:00:00-0800
SMBLBWKLG104,SMBLB21,BULB WAS LOOSE,2015-01-11T04:00:00-0800
SMBLBWKLG105,SMBLB21,PERIODICALLY FLICKERS AND SLIGHTLY DISCOLORED FROM EXCESSIVE HEAT,2015-02-07T14:00:00-0800
SMBLBWKLG106,SMBLB22,OK,2014-01-24T00:00:00-0800
SMBLBWKLG107,SMBLB22,NO ISSUES; SOME DEAD BUGS,2014-02-08T23:00:00-0800
SMBLBWKLG108,SMBLB22,A LITTLE DISCOLORED BUT OK,2014-05-12T05:00:00-0700
SMBLBWKLG109,SMBLB22,BULB OK,2014-07-10T20:00:00-0700
SMBLBWKLG110,SMBLB22,BROWNING FROM TOO MUCH HEAT; FLICKERS PERIODICALLY,2014-09-19T21:00:00-0700
SMBLBWKLG111,SMBLB23,EVERYTHING OK,2013-03-24T16:00:00-0700
SMBLBWKLG112,SMBLB23,FIXTURE COSMETIC DAMAGE; BULB IS GOOD,2013-08-08T16:00:00-0700
SMBLBWKLG113,SMBLB23,BULB WAS LOOSE,2013-12-12T00:00:00-0800
SMBLBWKLG114,SMBLB23,BULB WAS LOOSE,2014-02-02T18:00:00-0800
SMBLBWKLG115,SMBLB23,SOME FLICKERING; DISCOLORATION FROM TOO MUCH HEAT,2014-09-03T15:00:00-0700
SMBLBWKLG116,SMBLB24,FIXTURE A LITTLE DAMAGED BUT WORKING,2013-03-11T03:00:00-0700
SMBLBWKLG117,SMBLB24,A LITTLE DISCOLORED BUT OK,2013-08-09T10:00:00-0700
SMBLBWKLG118,SMBLB24,SOME INSECTS; NO PROBLEMS,2014-03-08T05:00:00-0800
SMBLBWKLG119,SMBLB24,SOME VISUAL DAMAGE; BULB STILL WORKS,2014-06-26T09:00:00-0700
SMBLBWKLG120,SMBLB24,BULB SEEMS TO WORK; LOTS OF FLICKERING AND SOME HEAT,2014-10-21T08:00:00-0700
SMBLBWKLG121,SMBLB25,FIXTURE COSMETIC DAMAGE; BULB IS GOOD,2011-08-21T09:00:00-0700
SMBLBWKLG122,SMBLB25,CLEANED BULB FOR DUST; EVERYTHING OK,2012-09-13T08:00:00-0700
SMBLBWKLG123,SMBLB25,SOME VISUAL DAMAGE; BULB STILL WORKS,2012-12-20T06:00:00-0800
SMBLBWKLG124,SMBLB25,A LITTLE DISCOLORED BUT OK,2014-05-06T07:00:00-0700
SMBLBWKLG125,SMBLB25,BULB IS HOT; TURING BLACK; FLICKERING A LOT,2014-09-10T07:00:00-0700
SMBLBWKLG126,SMBLB26,NO ISSUES,2012-03-22T10:00:00-0700
SMBLBWKLG127,SMBLB26,GOOD,2014-04-15T05:00:00-0700
SMBLBWKLG128,SMBLB26,A LITTLE DISCOLORED BUT OK,2014-08-25T00:00:00-0700
SMBLBWKLG129,SMBLB26,OK,2014-09-08T10:00:00-0700
SMBLBWKLG130,SMBLB26,COMPLAINT ABOUT HEAT AND FLICKERING,2014-10-12T00:00:00-0700
SMBLBWKLG131,SMBLB27,SOME DUST; NO ISSUES,2011-06-09T09:00:00-0700
SMBLBWKLG132,SMBLB27,GOOD,2014-07-04T12:00:00-0700
SMBLBWKLG133,SMBLB27,EVERYTHING OK,2014-10-12T07:00:00-0700
SMBLBWKLG134,SMBLB27,BULB OK,2014-10-15T05:00:00-0700
SMBLBWKLG135,SMBLB27,BULB IS TURNING BROWN FROM HEATING; FLICKERING,2014-11-01T05:00:00-0700
SMBLBWKLG136,SMBLB28,BULB LOOKS GOOD,2011-11-29T09:00:00-0800
SMBLBWKLG137,SMBLB28,CLEANED OUT DEAD BUGS; EVERYTHING OK,2013-12-10T00:00:00-0800
SMBLBWKLG138,SMBLB28,BULB WAS LOOSE,2014-04-08T05:00:00-0700
SMBLBWKLG139,SMBLB28,BULB OK,2014-09-15T02:00:00-0700
SMBLBWKLG140,SMBLB28,COMPLAINT ABOUT HEAT AND FLICKERING,2014-10-19T23:00:00-0700
SMBLBWKLG141,SMBLB29,A LITTLE DISCOLORED BUT OK,2011-01-02T01:00:00-0800
SMBLBWKLG142,SMBLB29,CLEANED BULB FOR DUST; EVERYTHING OK,2013-03-05T21:00:00-0800
SMBLBWKLG143,SMBLB29,CLEANED BULB FOR DUST; EVERYTHING OK,2013-04-13T23:00:00-0700
SMBLBWKLG144,SMBLB29,NO PROBLEMS,2013-06-13T18:00:00-0700
SMBLBWKLG145,SMBLB29,BULB HEATS UP TOO MUCH; WORKS BUT FLICKERS A LITTLE,2014-11-19T02:00:00-0800
SMBLBWKLG146,SMBLB30,SOME VISUAL DAMAGE; BULB STILL WORKS,2013-09-16T02:00:00-0700
SMBLBWKLG147,SMBLB30,CLEANED OUT DEAD BUGS; EVERYTHING OK,2014-07-28T13:00:00-0700
SMBLBWKLG148,SMBLB30,EVERYTHING OK,2014-10-04T23:00:00-0700
SMBLBWKLG149,SMBLB30,NO PROBLEMS,2014-11-17T06:00:00-0800
SMBLBWKLG150,SMBLB30,SOME FLICKERING; DISCOLORATION FROM TOO MUCH HEAT,2014-12-01T11:00:00-0800
SMBLBWKLG151,SMBLB31,SOME DEAD BUGS; OTHERWISE GOOD,2012-02-24T15:00:00-0800
SMBLBWKLG152,SMBLB31,CLEANED BULB FOR DUST; EVERYTHING OK,2012-11-10T23:00:00-0800
SMBLBWKLG153,SMBLB31,BULB WAS LOOSE,2014-01-24T16:00:00-0800
SMBLBWKLG154,SMBLB31,BULB WAS LOOSE,2014-08-31T16:00:00-0700
SMBLBWKLG155,SMBLB31,BULB IS NOISY WITH LOTS OF FLICKERING; SOME HEAT COMING OFF THE BULB TOO,2014-10-01T12:00:00-0700
SMBLBWKLG156,SMBLB32,LOTS OF DUST; OTHERWISE OK,2013-07-10T18:00:00-0700
SMBLBWKLG157,SMBLB32,OK,2014-06-08T08:00:00-0700
SMBLBWKLG158,SMBLB32,NO ISSUES,2015-02-08T14:00:00-0800
SMBLBWKLG159,SMBLB32,NO ISSUES; SOME DEAD BUGS,2015-02-10T10:00:00-0800
SMBLBWKLG160,SMBLB32,BULB GIVING OFF A LOT OF HEAT; FLICKERING A LITTLE,2015-02-23T20:00:00-0800
SMBLBWKLG161,SMBLB33,SOME VISUAL DAMAGE; BULB STILL WORKS,2012-05-02T19:00:00-0700
SMBLBWKLG162,SMBLB33,GOOD,2014-08-23T13:00:00-0700
SMBLBWKLG163,SMBLB33,GOOD,2014-12-06T01:00:00-0800
SMBLBWKLG164,SMBLB33,SOME DUST; NO ISSUES,2014-12-06T12:00:00-0800
SMBLBWKLG165,SMBLB33,LOTS OF FLICKERING; BLUB GLOBE IS BLACKENING FROM HEAT,2014-12-21T04:00:00-0800
SMBLBWKLG166,SMBLB34,A LITTLE DISCOLORED BUT OK,2011-04-22T10:00:00-0700
SMBLBWKLG167,SMBLB34,BULB WAS LOOSE,2012-11-16T10:00:00-0800
SMBLBWKLG168,SMBLB34,NO ISSUES; SOME DEAD BUGS,2013-12-18T12:00:00-0800
SMBLBWKLG169,SMBLB34,BULB LOOKS GOOD,2014-05-11T02:00:00-0700
SMBLBWKLG170,SMBLB34,A LOT OF HEAT; FILAMENT SEEMS OK; SOME FLICKERING,2014-09-23T16:00:00-0700
SMBLBWKLG171,SMBLB35,NO PROBLEMS,2013-07-28T15:00:00-0700
SMBLBWKLG172,SMBLB35,NO PROBLEMS,2013-09-18T01:00:00-0700
SMBLBWKLG173,SMBLB35,NO ISSUES,2013-10-26T16:00:00-0700
SMBLBWKLG174,SMBLB35,CLEANED BULB FOR DUST; EVERYTHING OK,2014-06-27T15:00:00-0700
SMBLBWKLG175,SMBLB35,BULB STINKS OF MELTED PLASTIC; VERY HOT WITH FLICKERING,2014-10-20T10:00:00-0700
SMBLBWKLG176,SMBLB36,A LITTLE DISCOLORED BUT OK,2011-02-22T21:00:00-0800
SMBLBWKLG177,SMBLB36,FIXTURE A LITTLE DAMAGED BUT WORKING,2013-11-14T05:00:00-0800
SMBLBWKLG178,SMBLB36,CLEANED OUT DEAD BUGS; EVERYTHING OK,2014-06-30T20:00:00-0700
SMBLBWKLG179,SMBLB36,OK,2014-07-19T08:00:00-0700
SMBLBWKLG180,SMBLB36,BULB IS NOISY WITH LOTS OF FLICKERING; SOME HEAT COMING OFF THE BULB TOO,2014-09-12T04:00:00-0700
SMBLBWKLG181,SMBLB37,BULB WAS LOOSE,2011-11-05T17:00:00-0700
SMBLBWKLG182,SMBLB37,BULB LOOKS GOOD,2011-12-06T13:00:00-0800
SMBLBWKLG183,SMBLB37,BULB OK,2012-07-12T14:00:00-0700
SMBLBWKLG184,SMBLB37,BULB LOOKS GOOD,2012-11-21T08:00:00-0800
SMBLBWKLG185,SMBLB37,BULB IS NOISY WITH LOTS OF FLICKERING; SOME HEAT COMING OFF THE BULB TOO,2014-10-27T09:00:00-0700
SMBLBWKLG186,SMBLB38,NO ISSUES; SOME DEAD BUGS,2014-02-16T16:00:00-0800
SMBLBWKLG187,SMBLB38,SOME DUST; NO ISSUES,2014-05-13T11:00:00-0700
SMBLBWKLG188,SMBLB38,NO ISSUES,2014-09-09T08:00:00-0700
SMBLBWKLG189,SMBLB38,OK,2014-09-15T10:00:00-0700
SMBLBWKLG190,SMBLB38,BULB BLACKENING FROM THE HEAT; SOME FLICKERING AS WELL,2014-10-04T03:00:00-0700
SMBLBWKLG191,SMBLB39,SOME DUST; NO ISSUES,2013-02-04T18:00:00-0800
SMBLBWKLG192,SMBLB39,SOME INSECTS; NO PROBLEMS,2013-05-01T06:00:00-0700
SMBLBWKLG193,SMBLB39,BULB LOOKS GOOD,2013-12-28T06:00:00-0800
SMBLBWKLG194,SMBLB39,GOOD,2014-05-08T03:00:00-0700
SMBLBWKLG195,SMBLB39,BULB IS NOISY WITH LOTS OF FLICKERING; SOME HEAT COMING OFF THE BULB TOO,2014-10-24T09:00:00-0700
SMBLBWKLG196,SMBLB40,BULB WAS LOOSE,2012-02-12T16:00:00-0800
SMBLBWKLG197,SMBLB40,SOME INSECTS; NO PROBLEMS,2013-10-25T11:00:00-0700
SMBLBWKLG198,SMBLB40,OK,2014-07-18T07:00:00-0700
SMBLBWKLG199,SMBLB40,CLEANED OUT DEAD BUGS; EVERYTHING OK,2014-08-20T08:00:00-0700
SMBLBWKLG200,SMBLB40,BULB IS TURNING BROWN FROM HEATING; FLICKERING,2014-09-16T23:00:00-0700
SMBLBWKLG201,SMBLB41,NO ISSUES; SOME DEAD BUGS,2013-05-01T13:00:00-0700
SMBLBWKLG202,SMBLB41,BULB LOOKS GOOD,2014-06-25T17:00:00-0700
SMBLBWKLG203,SMBLB41,CLEANED OUT DEAD BUGS; EVERYTHING OK,2014-07-10T12:00:00-0700
SMBLBWKLG204,SMBLB41,GOOD,2014-08-04T13:00:00-0700
SMBLBWKLG205,SMBLB41,BULB RADIATES SIGNIFICANT HEAT; FLICKERS HERE AND THERE,2014-09-05T00:00:00-0700
SMBLBWKLG206,SMBLB42,LOTS OF DUST; OTHERWISE OK,2014-08-05T15:00:00-0700
SMBLBWKLG207,SMBLB42,SOME DEAD BUGS; OTHERWISE GOOD,2014-08-11T00:00:00-0700
SMBLBWKLG208,SMBLB42,EVERYTHING OK,2014-09-10T20:00:00-0700
SMBLBWKLG209,SMBLB42,NO ISSUES,2014-09-11T07:00:00-0700
SMBLBWKLG210,SMBLB42,BULB STINKS OF MELTED PLASTIC; VERY HOT WITH FLICKERING,2014-09-24T09:00:00-0700
SMBLBWKLG211,SMBLB43,OK,2011-08-17T02:00:00-0700
SMBLBWKLG212,SMBLB43,FIXTURE COSMETIC DAMAGE; BULB IS GOOD,2014-09-21T19:00:00-0700
SMBLBWKLG213,SMBLB43,A LITTLE DISCOLORED BUT OK,2014-10-04T21:00:00-0700
SMBLBWKLG214,SMBLB43,OK,2014-10-11T11:00:00-0700
SMBLBWKLG215,SMBLB43,BULB IS HOT; TURING BLACK; FLICKERING A LOT,2015-05-24T14:00:00-0700
SMBLBWKLG216,SMBLB44,CLEANED OUT DEAD BUGS; EVERYTHING OK,2014-01-20T08:00:00-0800
SMBLBWKLG217,SMBLB44,A LITTLE DISCOLORED BUT OK,2014-09-27T02:00:00-0700
SMBLBWKLG218,SMBLB44,OK,2014-10-26T09:00:00-0700
SMBLBWKLG219,SMBLB44,BULB WAS LOOSE,2014-11-01T15:00:00-0700
SMBLBWKLG220,SMBLB44,BULB HEATS UP TOO MUCH; WORKS BUT FLICKERS A LITTLE,2014-12-14T07:00:00-0800
SMBLBWKLG221,SMBLB45,NO PROBLEMS,2012-09-01T09:00:00-0700
SMBLBWKLG222,SMBLB45,BULB WAS LOOSE,2014-08-14T11:00:00-0700
SMBLBWKLG223,SMBLB45,A LITTLE DISCOLORED BUT OK,2014-08-28T11:00:00-0700
SMBLBWKLG224,SMBLB45,CLEANED BULB FOR DUST; EVERYTHING OK,2014-11-19T03:00:00-0800
SMBLBWKLG225,SMBLB45,BULB HEATS UP TOO MUCH; WORKS BUT FLICKERS A LITTLE,2014-12-26T19:00:00-0800
SMBLBWKLG226,SMBLB46,FIXTURE COSMETIC DAMAGE; BULB IS GOOD,2011-05-11T10:00:00-0700
SMBLBWKLG227,SMBLB46,NO ISSUES; SOME DEAD BUGS,2012-12-19T00:00:00-0800
SMBLBWKLG228,SMBLB46,FIXTURE A LITTLE DAMAGED BUT WORKING,2014-02-28T07:00:00-0800
SMBLBWKLG229,SMBLB46,FIXTURE A LITTLE DAMAGED BUT WORKING,2014-05-22T10:00:00-0700
SMBLBWKLG230,SMBLB46,BULB IS TURNING BROWN FROM HEATING; FLICKERING,2014-12-30T04:00:00-0800
SMBLBWKLG231,SMBLB47,NO ISSUES,2013-12-10T17:00:00-0800
SMBLBWKLG232,SMBLB47,BULB WAS LOOSE,2014-05-21T00:00:00-0700
SMBLBWKLG233,SMBLB47,A LITTLE DISCOLORED BUT OK,2014-07-01T02:00:00-0700
SMBLBWKLG234,SMBLB47,LOTS OF DUST; OTHERWISE OK,2014-08-12T19:00:00-0700
SMBLBWKLG235,SMBLB47,SOME SMELL AND DISCOLORATION FROM HEAT; SOME FLICKERING,2014-11-21T13:00:00-0800
SMBLBWKLG236,SMBLB48,A LITTLE DISCOLORED BUT OK,2013-02-20T22:00:00-0800
SMBLBWKLG237,SMBLB48,BULB WAS LOOSE,2013-04-06T11:00:00-0700
SMBLBWKLG238,SMBLB48,GOOD,2013-12-15T23:00:00-0800
SMBLBWKLG239,SMBLB48,SOME INSECTS; NO PROBLEMS,2014-03-20T08:00:00-0700
SMBLBWKLG240,SMBLB48,BULB IS TURNING BROWN FROM HEATING; FLICKERING,2014-09-28T00:00:00-0700
SMBLBWKLG241,SMBLB49,EVERYTHING OK,2011-06-21T01:00:00-0700
SMBLBWKLG242,SMBLB49,BULB OK,2012-02-22T11:00:00-0800
SMBLBWKLG243,SMBLB49,EVERYTHING OK,2014-09-02T12:00:00-0700
SMBLBWKLG244,SMBLB49,BULB OK,2014-09-02T09:00:00-0700
SMBLBWKLG245,SMBLB49,BLUB FLICKERS WHEN TOUCHED; TOO MUCH HEAT,2014-11-20T05:00:00-0800
SMBLBWKLG246,SMBLB50,BULB WAS LOOSE,2011-10-03T14:00:00-0700
SMBLBWKLG247,SMBLB50,FIXTURE A LITTLE DAMAGED BUT WORKING,2014-03-14T04:00:00-0700
SMBLBWKLG248,SMBLB50,CLEANED OUT DEAD BUGS; EVERYTHING OK,2014-09-09T08:00:00-0700
SMBLBWKLG249,SMBLB50,BULB LOOKS GOOD,2014-09-11T08:00:00-0700
SMBLBWKLG250,SMBLB50,BULB IS FLICKERING WITH A LITTLE HEAT,2014-09-26T16:00:00-0700
SMBLBWKLG251,SMBLB51,NO ISSUES,2012-10-15T18:00:00-0700
SMBLBWKLG252,SMBLB51,FIXTURE A LITTLE DAMAGED BUT WORKING,2014-01-11T21:00:00-0800
SMBLBWKLG253,SMBLB51,SOME DUST; NO ISSUES,2014-04-26T22:00:00-0700
SMBLBWKLG254,SMBLB51,CLEANED BULB FOR DUST; EVERYTHING OK,2014-06-02T06:00:00-0700
SMBLBWKLG255,SMBLB51,BULB IS DISCOLORED; SOME FLICKERING AND HEAT,2014-10-02T01:00:00-0700
SMBLBWKLG256,SMBLB52,SOME DEAD BUGS; OTHERWISE GOOD,2012-03-19T02:00:00-0700
SMBLBWKLG257,SMBLB52,FIXTURE A LITTLE DAMAGED BUT WORKING,2014-01-14T17:00:00-0800
SMBLBWKLG258,SMBLB52,BULB WAS LOOSE,2014-02-01T20:00:00-0800
SMBLBWKLG259,SMBLB52,BULB WAS LOOSE,2014-10-28T21:00:00-0700
SMBLBWKLG260,SMBLB52,PERIODICALLY FLICKERS AND SLIGHTLY DISCOLORED FROM EXCESSIVE HEAT,2015-01-06T18:00:00-0800
SMBLBWKLG261,SMBLB53,BULB WAS LOOSE,2012-12-19T21:00:00-0800
SMBLBWKLG262,SMBLB53,FIXTURE A LITTLE DAMAGED BUT WORKING,2014-01-05T19:00:00-0800
SMBLBWKLG263,SMBLB53,BULB WAS LOOSE,2014-08-16T21:00:00-0700
SMBLBWKLG264,SMBLB53,NO ISSUES; SOME DEAD BUGS,2014-10-06T20:00:00-0700
SMBLBWKLG265,SMBLB53,BULB IS HOT; TURING BLACK; FLICKERING A LOT,2015-02-09T22:00:00-0800
SMBLBWKLG266,SMBLB54,NO ISSUES,2012-11-07T04:00:00-0800
SMBLBWKLG267,SMBLB54,BULB A LITTLE LOOSE,2013-05-31T11:00:00-0700
SMBLBWKLG268,SMBLB54,CLEANED OUT DEAD BUGS; EVERYTHING OK,2014-08-03T16:00:00-0700
SMBLBWKLG269,SMBLB54,NO ISSUES; SOME DEAD BUGS,2014-08-11T19:00:00-0700
SMBLBWKLG270,SMBLB54,VERY HOT BULB; LOTS OF HEAT AND FLICKERING,2014-09-04T09:00:00-0700
SMBLBWKLG271,SMBLB55,CLEANED BULB FOR DUST; EVERYTHING OK,2013-03-07T19:00:00-0800
SMBLBWKLG272,SMBLB55,FIXTURE COSMETIC DAMAGE; BULB IS GOOD,2014-04-05T23:00:00-0700
SMBLBWKLG273,SMBLB55,NO PROBLEMS,2014-08-24T11:00:00-0700
SMBLBWKLG274,SMBLB55,FIXTURE A LITTLE DAMAGED BUT WORKING,2014-09-12T11:00:00-0700
SMBLBWKLG275,SMBLB55,BULB IS TURNING BROWN FROM HEATING; FLICKERING,2014-09-24T13:00:00-0700
SMBLBWKLG276,SMBLB56,BULB WAS LOOSE,2013-12-06T05:00:00-0800
SMBLBWKLG277,SMBLB56,BULB OK,2013-12-04T16:00:00-0800
SMBLBWKLG278,SMBLB56,CLEANED OUT DEAD BUGS; EVERYTHING OK,2014-05-23T16:00:00-0700
SMBLBWKLG279,SMBLB56,CLEANED BULB FOR DUST; EVERYTHING OK,2014-06-23T07:00:00-0700
SMBLBWKLG280,SMBLB56,BULB SEEMS TO WORK; LOTS OF FLICKERING AND SOME HEAT,2014-09-23T01:00:00-0700
SMBLBWKLG281,SMBLB57,NO PROBLEMS,2011-03-24T07:00:00-0700
SMBLBWKLG282,SMBLB57,CLEANED OUT DEAD BUGS; EVERYTHING OK,2011-12-03T20:00:00-0800
SMBLBWKLG283,SMBLB57,CLEANED BULB FOR DUST; EVERYTHING OK,2011-12-28T05:00:00-0800
SMBLBWKLG284,SMBLB57,FIXTURE A LITTLE DAMAGED BUT WORKING,2013-04-30T09:00:00-0700
SMBLBWKLG285,SMBLB57,BULB HEATS UP TOO MUCH; WORKS BUT FLICKERS A LITTLE,2014-10-20T16:00:00-0700
SMBLBWKLG286,SMBLB58,LOTS OF DUST; OTHERWISE OK,2012-10-22T17:00:00-0700
SMBLBWKLG287,SMBLB58,BULB WAS LOOSE,2013-06-23T18:00:00-0700
SMBLBWKLG288,SMBLB58,SOME INSECTS; NO PROBLEMS,2013-11-24T17:00:00-0800
SMBLBWKLG289,SMBLB58,BULB WAS LOOSE,2014-01-16T22:00:00-0800
SMBLBWKLG290,SMBLB58,SOME SMELL AND DISCOLORATION FROM HEAT; SOME FLICKERING,2014-11-13T14:00:00-0800
SMBLBWKLG291,SMBLB59,FIXTURE A LITTLE DAMAGED BUT WORKING,2013-12-31T02:00:00-0800
SMBLBWKLG292,SMBLB59,CLEANED OUT DEAD BUGS; EVERYTHING OK,2014-09-18T03:00:00-0700
SMBLBWKLG293,SMBLB59,EVERYTHING OK,2014-12-10T03:00:00-0800
SMBLBWKLG294,SMBLB59,BULB WAS LOOSE,2014-12-11T03:00:00-0800
SMBLBWKLG295,SMBLB59,BULB SEEMS TO WORK; LOTS OF FLICKERING AND SOME HEAT,2015-02-08T19:00:00-0800
SMBLBWKLG296,SMBLB60,SOME DEAD BUGS; OTHERWISE GOOD,2012-07-28T10:00:00-0700
SMBLBWKLG297,SMBLB60,A LITTLE DISCOLORED BUT OK,2013-01-22T21:00:00-0800
SMBLBWKLG298,SMBLB60,FIXTURE A LITTLE DAMAGED BUT WORKING,2013-05-28T13:00:00-0700
SMBLBWKLG299,SMBLB60,SOME DUST; NO ISSUES,2014-08-16T15:00:00-0700
SMBLBWKLG300,SMBLB60,BULB IS TURNING BROWN FROM HEATING; FLICKERING,2014-11-29T23:00:00-0800
SMBLBWKLG301,SMBLB61,SOME VISUAL DAMAGE; BULB STILL WORKS,2011-06-03T00:00:00-0700
SMBLBWKLG302,SMBLB61,SOME DEAD BUGS; OTHERWISE GOOD,2012-04-14T06:00:00-0700
SMBLBWKLG303,SMBLB61,BULB LOOKS GOOD,2012-05-03T18:00:00-0700
SMBLBWKLG304,SMBLB61,FIXTURE A LITTLE DAMAGED BUT WORKING,2014-05-12T23:00:00-0700
SMBLBWKLG305,SMBLB61,BULB HEATS UP TOO MUCH; WORKS BUT FLICKERS A LITTLE,2014-10-12T05:00:00-0700
SMBLBWKLG306,SMBLB62,BULB WAS LOOSE,2011-03-18T13:00:00-0700
SMBLBWKLG307,SMBLB62,CLEANED BULB FOR DUST; EVERYTHING OK,2014-01-30T19:00:00-0800
SMBLBWKLG308,SMBLB62,A LITTLE DISCOLORED BUT OK,2014-05-29T06:00:00-0700
SMBLBWKLG309,SMBLB62,BULB LOOKS GOOD,2014-09-05T02:00:00-0700
SMBLBWKLG310,SMBLB62,BULB APPEARS TO FLICKER; HOT TO THE TOUCH,2015-01-01T21:00:00-0800
SMBLBWKLG311,SMBLB63,BULB WAS LOOSE,2012-05-21T15:00:00-0700
SMBLBWKLG312,SMBLB63,BULB OK,2013-08-06T20:00:00-0700
SMBLBWKLG313,SMBLB63,GOOD,2013-11-22T08:00:00-0800
SMBLBWKLG314,SMBLB63,BULB WAS LOOSE,2014-04-30T02:00:00-0700
SMBLBWKLG315,SMBLB63,COMPLAINT ABOUT HEAT AND FLICKERING,2014-11-21T22:00:00-0800
SMBLBWKLG316,SMBLB64,CLEANED BULB FOR DUST; EVERYTHING OK,2014-07-28T07:00:00-0700
SMBLBWKLG317,SMBLB64,EVERYTHING OK,2014-09-28T04:00:00-0700
SMBLBWKLG318,SMBLB64,BULB WAS LOOSE,2014-10-07T20:00:00-0700
SMBLBWKLG319,SMBLB64,NO ISSUES,2014-10-09T07:00:00-0700
SMBLBWKLG320,SMBLB64,COMPLAINT ABOUT HEAT AND FLICKERING,2014-10-25T08:00:00-0700
SMBLBWKLG321,SMBLB65,FIXTURE A LITTLE DAMAGED BUT WORKING,2012-12-11T12:00:00-0800
SMBLBWKLG322,SMBLB65,CLEANED BULB FOR DUST; EVERYTHING OK,2014-02-17T03:00:00-0800
SMBLBWKLG323,SMBLB65,BULB WAS LOOSE,2014-08-19T09:00:00-0700
SMBLBWKLG324,SMBLB65,GOOD,2014-09-10T16:00:00-0700
SMBLBWKLG325,SMBLB65,BULB IS DISCOLORED; SOME FLICKERING AND HEAT,2014-10-22T09:00:00-0700
SMBLBWKLG326,SMBLB66,FIXTURE COSMETIC DAMAGE; BULB IS GOOD,2011-10-11T04:00:00-0700
SMBLBWKLG327,SMBLB66,NO PROBLEMS,2012-12-11T18:00:00-0800
SMBLBWKLG328,SMBLB66,GOOD,2014-08-09T20:00:00-0700
SMBLBWKLG329,SMBLB66,A LITTLE DISCOLORED BUT OK,2014-09-24T05:00:00-0700
SMBLBWKLG330,SMBLB66,BLUB FLICKERS WHEN TOUCHED; TOO MUCH HEAT,2014-11-06T00:00:00-0800
SMBLBWKLG331,SMBLB67,OK,2012-06-21T03:00:00-0700
SMBLBWKLG332,SMBLB67,GOOD,2014-10-29T15:00:00-0700
SMBLBWKLG333,SMBLB67,BULB WAS LOOSE,2014-10-29T02:00:00-0700
SMBLBWKLG334,SMBLB67,SOME VISUAL DAMAGE; BULB STILL WORKS,2014-10-30T14:00:00-0700
SMBLBWKLG335,SMBLB67,BULB HEATS UP TOO MUCH; WORKS BUT FLICKERS A LITTLE,2014-11-12T01:00:00-0800
SMBLBWKLG336,SMBLB68,OK,2013-05-30T02:00:00-0700
SMBLBWKLG337,SMBLB68,LOTS OF DUST; OTHERWISE OK,2014-01-06T09:00:00-0800
SMBLBWKLG338,SMBLB68,SOME DEAD BUGS; OTHERWISE GOOD,2014-01-24T02:00:00-0800
SMBLBWKLG339,SMBLB68,GOOD,2014-07-12T08:00:00-0700
SMBLBWKLG340,SMBLB68,BULB IS TURNING BROWN FROM HEATING; FLICKERING,2014-11-22T14:00:00-0800
SMBLBWKLG341,SMBLB69,FIXTURE COSMETIC DAMAGE; BULB IS GOOD,2012-03-10T14:00:00-0800
SMBLBWKLG342,SMBLB69,SOME DEAD BUGS; OTHERWISE GOOD,2014-04-22T02:00:00-0700
SMBLBWKLG343,SMBLB69,LOTS OF DUST; OTHERWISE OK,2014-05-16T21:00:00-0700
SMBLBWKLG344,SMBLB69,SOME DEAD BUGS; OTHERWISE GOOD,2014-09-01T04:00:00-0700
SMBLBWKLG345,SMBLB69,SOME SMELL AND DISCOLORATION FROM HEAT; SOME FLICKERING,2014-10-05T06:00:00-0700
SMBLBWKLG346,SMBLB70,CLEANED OUT DEAD BUGS; EVERYTHING OK,2011-08-02T15:00:00-0700
SMBLBWKLG347,SMBLB70,SOME DEAD BUGS; OTHERWISE GOOD,2011-08-29T02:00:00-0700
SMBLBWKLG348,SMBLB70,NO ISSUES; SOME DEAD BUGS,2012-05-29T04:00:00-0700
SMBLBWKLG349,SMBLB70,NO ISSUES; SOME DEAD BUGS,2013-11-06T19:00:00-0800
SMBLBWKLG350,SMBLB70,BULB APPEARS TO FLICKER; HOT TO THE TOUCH,2014-11-02T01:00:00-0700
SMBLBWKLG351,SMBLB71,CLEANED OUT DEAD BUGS; EVERYTHING OK,2012-07-04T18:00:00-0700
SMBLBWKLG352,SMBLB71,NO ISSUES; SOME DEAD BUGS,2012-12-29T22:00:00-0800
SMBLBWKLG353,SMBLB71,SOME VISUAL DAMAGE; BULB STILL WORKS,2014-04-16T20:00:00-0700
SMBLBWKLG354,SMBLB71,BULB WAS LOOSE,2014-10-24T08:00:00-0700
SMBLBWKLG355,SMBLB71,LOTS OF FLICKERING; BLUB GLOBE IS BLACKENING FROM HEAT,2014-11-15T07:00:00-0800
SMBLBWKLG356,SMBLB72,FIXTURE COSMETIC DAMAGE; BULB IS GOOD,2011-05-13T07:00:00-0700
SMBLBWKLG357,SMBLB72,OK,2013-08-20T19:00:00-0700
SMBLBWKLG358,SMBLB72,SOME DEAD BUGS; OTHERWISE GOOD,2014-03-05T20:00:00-0800
SMBLBWKLG359,SMBLB72,BULB A LITTLE LOOSE,2014-06-07T18:00:00-0700
SMBLBWKLG360,SMBLB72,BULB IS FLICKERING WITH A LITTLE HEAT,2014-12-30T22:00:00-0800
SMBLBWKLG361,SMBLB73,EVERYTHING OK,2011-12-06T09:00:00-0800
SMBLBWKLG362,SMBLB73,FIXTURE COSMETIC DAMAGE; BULB IS GOOD,2014-04-09T14:00:00-0700
SMBLBWKLG363,SMBLB73,EVERYTHING OK,2014-07-12T07:00:00-0700
SMBLBWKLG364,SMBLB73,BULB LOOKS GOOD,2014-09-03T08:00:00-0700
SMBLBWKLG365,SMBLB73,BLUB FLICKERS WHEN TOUCHED; TOO MUCH HEAT,2014-11-09T11:00:00-0800
SMBLBWKLG366,SMBLB74,BULB A LITTLE LOOSE,2014-09-21T17:00:00-0700
SMBLBWKLG367,SMBLB74,FIXTURE A LITTLE DAMAGED BUT WORKING,2014-11-13T15:00:00-0800
SMBLBWKLG368,SMBLB74,NO ISSUES; SOME DEAD BUGS,2015-02-09T18:00:00-0800
SMBLBWKLG369,SMBLB74,OK,2015-02-12T19:00:00-0800
SMBLBWKLG370,SMBLB74,BULB IS TURNING BROWN FROM HEATING; FLICKERING,2015-04-02T01:00:00-0700
SMBLBWKLG371,SMBLB75,LOTS OF DUST; OTHERWISE OK,2012-02-27T02:00:00-0800
SMBLBWKLG372,SMBLB75,BULB WAS LOOSE,2014-08-31T02:00:00-0700
SMBLBWKLG373,SMBLB75,SOME INSECTS; NO PROBLEMS,2014-09-11T23:00:00-0700
SMBLBWKLG374,SMBLB75,SOME VISUAL DAMAGE; BULB STILL WORKS,2014-09-11T06:00:00-0700
SMBLBWKLG375,SMBLB75,BULB RADIATES SIGNIFICANT HEAT; FLICKERS HERE AND THERE,2014-10-03T10:00:00-0700
SMBLBWKLG376,SMBLB76,BULB WAS LOOSE,2012-09-29T23:00:00-0700
SMBLBWKLG377,SMBLB76,GOOD,2013-07-11T22:00:00-0700
SMBLBWKLG378,SMBLB76,LOTS OF DUST; OTHERWISE OK,2014-02-20T21:00:00-0800
SMBLBWKLG379,SMBLB76,BULB WAS LOOSE,2014-04-11T01:00:00-0700
SMBLBWKLG380,SMBLB76,COMPLAINT ABOUT HEAT AND FLICKERING,2014-10-18T05:00:00-0700
SMBLBWKLG381,SMBLB77,SOME INSECTS; NO PROBLEMS,2013-03-02T02:00:00-0800
SMBLBWKLG382,SMBLB77,SOME INSECTS; NO PROBLEMS,2014-10-18T19:00:00-0700
SMBLBWKLG383,SMBLB77,FIXTURE A LITTLE DAMAGED BUT WORKING,2014-11-10T17:00:00-0800
SMBLBWKLG384,SMBLB77,CLEANED BULB FOR DUST; EVERYTHING OK,2014-11-15T18:00:00-0800
SMBLBWKLG385,SMBLB77,A LOT OF HEAT; FILAMENT SEEMS OK; SOME FLICKERING,2014-12-08T11:00:00-0800
SMBLBWKLG386,SMBLB78,OK,2014-06-22T22:00:00-0700
SMBLBWKLG387,SMBLB78,NO ISSUES; SOME DEAD BUGS,2014-08-29T04:00:00-0700
SMBLBWKLG388,SMBLB78,OK,2014-10-02T15:00:00-0700
SMBLBWKLG389,SMBLB78,BULB OK,2014-10-05T05:00:00-0700
SMBLBWKLG390,SMBLB78,BLUB FLICKERS WHEN TOUCHED; TOO MUCH HEAT,2014-10-31T19:00:00-0700
SMBLBWKLG391,SMBLB79,SOME INSECTS; NO PROBLEMS,2014-08-27T00:00:00-0700
SMBLBWKLG392,SMBLB79,SOME DEAD BUGS; OTHERWISE GOOD,2014-08-24T16:00:00-0700
SMBLBWKLG393,SMBLB79,SOME VISUAL DAMAGE; BULB STILL WORKS,2014-09-07T02:00:00-0700
SMBLBWKLG394,SMBLB79,SOME INSECTS; NO PROBLEMS,2014-09-11T18:00:00-0700
SMBLBWKLG395,SMBLB79,BULB IS TURNING BROWN FROM HEATING; FLICKERING,2014-10-01T04:00:00-0700
SMBLBWKLG396,SMBLB80,NO PROBLEMS,2013-10-19T17:00:00-0700
SMBLBWKLG397,SMBLB80,BULB A LITTLE LOOSE,2013-11-27T08:00:00-0800
SMBLBWKLG398,SMBLB80,LOTS OF DUST; OTHERWISE OK,2014-07-12T22:00:00-0700
SMBLBWKLG399,SMBLB80,SOME DEAD BUGS; OTHERWISE GOOD,2014-08-27T05:00:00-0700
SMBLBWKLG400,SMBLB80,A LOT OF HEAT; FILAMENT SEEMS OK; SOME FLICKERING,2014-10-23T03:00:00-0700
SMBLBWKLG401,SMBLB81,BULB LOOKS GOOD,2010-12-29T14:00:00-0800
SMBLBWKLG402,SMBLB81,SOME DEAD BUGS; OTHERWISE GOOD,2014-05-23T21:00:00-0700
SMBLBWKLG403,SMBLB81,NO PROBLEMS,2014-08-12T21:00:00-0700
SMBLBWKLG404,SMBLB81,NO PROBLEMS,2014-09-12T13:00:00-0700
SMBLBWKLG405,SMBLB81,BROWNING FROM TOO MUCH HEAT; FLICKERS PERIODICALLY,2014-09-27T20:00:00-0700
SMBLBWKLG406,SMBLB82,SOME INSECTS; NO PROBLEMS,2013-03-20T06:00:00-0700
SMBLBWKLG407,SMBLB82,SOME DEAD BUGS; OTHERWISE GOOD,2014-02-06T07:00:00-0800
SMBLBWKLG408,SMBLB82,SOME VISUAL DAMAGE; BULB STILL WORKS,2014-08-02T21:00:00-0700
SMBLBWKLG409,SMBLB82,LOTS OF DUST; OTHERWISE OK,2014-08-30T08:00:00-0700
SMBLBWKLG410,SMBLB82,BULB IS TURNING BROWN FROM HEATING; FLICKERING,2014-10-23T10:00:00-0700
SMBLBWKLG411,SMBLB83,A LITTLE DISCOLORED BUT OK,2011-05-17T01:00:00-0700
SMBLBWKLG412,SMBLB83,FIXTURE A LITTLE DAMAGED BUT WORKING,2011-06-07T02:00:00-0700
SMBLBWKLG413,SMBLB83,OK,2012-09-27T23:00:00-0700
SMBLBWKLG414,SMBLB83,EVERYTHING OK,2013-12-06T13:00:00-0800
SMBLBWKLG415,SMBLB83,COMPLAINT ABOUT HEAT AND FLICKERING,2014-10-15T01:00:00-0700
SMBLBWKLG416,SMBLB84,BULB LOOKS GOOD,2011-02-24T09:00:00-0800
SMBLBWKLG417,SMBLB84,A LITTLE DISCOLORED BUT OK,2013-01-06T22:00:00-0800
SMBLBWKLG418,SMBLB84,SOME VISUAL DAMAGE; BULB STILL WORKS,2013-12-03T02:00:00-0800
SMBLBWKLG419,SMBLB84,SOME DEAD BUGS; OTHERWISE GOOD,2014-01-17T13:00:00-0800
SMBLBWKLG420,SMBLB84,BULB HEATS UP TOO MUCH; WORKS BUT FLICKERS A LITTLE,2014-09-14T21:00:00-0700
SMBLBWKLG421,SMBLB85,SOME VISUAL DAMAGE; BULB STILL WORKS,2013-03-12T11:00:00-0700
SMBLBWKLG422,SMBLB85,NO PROBLEMS,2013-11-09T09:00:00-0800
SMBLBWKLG423,SMBLB85,CLEANED BULB FOR DUST; EVERYTHING OK,2014-05-14T03:00:00-0700
SMBLBWKLG424,SMBLB85,NO ISSUES; SOME DEAD BUGS,2014-07-15T21:00:00-0700
SMBLBWKLG425,SMBLB85,BULB IS FLICKERING WITH A LITTLE HEAT,2014-11-24T20:00:00-0800
SMBLBWKLG426,SMBLB86,A LITTLE DISCOLORED BUT OK,2012-04-05T17:00:00-0700
SMBLBWKLG427,SMBLB86,NO ISSUES,2012-09-19T02:00:00-0700
SMBLBWKLG428,SMBLB86,LOTS OF DUST; OTHERWISE OK,2013-07-03T03:00:00-0700
SMBLBWKLG429,SMBLB86,SOME DEAD BUGS; OTHERWISE GOOD,2014-05-28T20:00:00-0700
SMBLBWKLG430,SMBLB86,BULB BLACKENING FROM THE HEAT; SOME FLICKERING AS WELL,2014-10-06T20:00:00-0700
SMBLBWKLG431,SMBLB87,NO PROBLEMS,2012-08-18T22:00:00-0700
SMBLBWKLG432,SMBLB87,NO PROBLEMS,2014-02-23T21:00:00-0800
SMBLBWKLG433,SMBLB87,LOTS OF DUST; OTHERWISE OK,2014-04-17T22:00:00-0700
SMBLBWKLG434,SMBLB87,EVERYTHING OK,2014-04-19T01:00:00-0700
SMBLBWKLG435,SMBLB87,VERY HOT BULB; LOTS OF HEAT AND FLICKERING,2014-10-06T05:00:00-0700
SMBLBWKLG436,SMBLB88,GOOD,2014-02-22T12:00:00-0800
SMBLBWKLG437,SMBLB88,NO ISSUES,2014-02-27T00:00:00-0800
SMBLBWKLG438,SMBLB88,BULB LOOKS GOOD,2014-04-14T17:00:00-0700
SMBLBWKLG439,SMBLB88,CLEANED OUT DEAD BUGS; EVERYTHING OK,2014-06-23T00:00:00-0700
SMBLBWKLG440,SMBLB88,LOTS OF FLICKERING; BLUB GLOBE IS BLACKENING FROM HEAT,2014-11-11T15:00:00-0800
SMBLBWKLG441,SMBLB89,A LITTLE DISCOLORED BUT OK,2011-01-30T18:00:00-0800
SMBLBWKLG442,SMBLB89,NO ISSUES; SOME DEAD BUGS,2014-07-29T13:00:00-0700
SMBLBWKLG443,SMBLB89,SOME DUST; NO ISSUES,2014-08-05T18:00:00-0700
SMBLBWKLG444,SMBLB89,SOME VISUAL DAMAGE; BULB STILL WORKS,2014-08-13T21:00:00-0700
SMBLBWKLG445,SMBLB89,BULB IS HOT; TURING BLACK; FLICKERING A LOT,2014-08-31T12:00:00-0700
SMBLBWKLG446,SMBLB90,BULB WAS LOOSE,2012-03-20T17:00:00-0700
SMBLBWKLG447,SMBLB90,LOTS OF DUST; OTHERWISE OK,2013-11-06T07:00:00-0800
SMBLBWKLG448,SMBLB90,NO PROBLEMS,2014-08-25T23:00:00-0700
SMBLBWKLG449,SMBLB90,SOME INSECTS; NO PROBLEMS,2014-08-28T03:00:00-0700
SMBLBWKLG450,SMBLB90,BULB HEATS UP TOO MUCH; WORKS BUT FLICKERS A LITTLE,2014-10-11T02:00:00-0700
SMBLBWKLG451,SMBLB91,SOME INSECTS; NO PROBLEMS,2014-05-25T10:00:00-0700
SMBLBWKLG452,SMBLB91,BULB A LITTLE LOOSE,2014-06-11T06:00:00-0700
SMBLBWKLG453,SMBLB91,LOTS OF DUST; OTHERWISE OK,2014-09-24T08:00:00-0700
SMBLBWKLG454,SMBLB91,LOTS OF DUST; OTHERWISE OK,2014-10-03T18:00:00-0700
SMBLBWKLG455,SMBLB91,SOME FLICKERING; DISCOLORATION FROM TOO MUCH HEAT,2014-10-25T19:00:00-0700
SMBLBWKLG456,SMBLB92,NO PROBLEMS,2012-07-05T18:00:00-0700
SMBLBWKLG457,SMBLB92,BULB WAS LOOSE,2014-08-08T20:00:00-0700
SMBLBWKLG458,SMBLB92,NO PROBLEMS,2014-08-13T07:00:00-0700
SMBLBWKLG459,SMBLB92,BULB LOOKS GOOD,2014-10-08T11:00:00-0700
SMBLBWKLG460,SMBLB92,BULB IS DISCOLORED; SOME FLICKERING AND HEAT,2014-11-16T10:00:00-0800
SMBLBWKLG461,SMBLB93,GOOD,2011-12-25T16:00:00-0800
SMBLBWKLG462,SMBLB93,FIXTURE A LITTLE DAMAGED BUT WORKING,2014-05-19T17:00:00-0700
SMBLBWKLG463,SMBLB93,SOME VISUAL DAMAGE; BULB STILL WORKS,2014-05-19T17:00:00-0700
SMBLBWKLG464,SMBLB93,SOME DUST; NO ISSUES,2014-10-01T11:00:00-0700
SMBLBWKLG465,SMBLB93,LOTS OF FLICKERING; BLUB GLOBE IS BLACKENING FROM HEAT,2015-01-03T18:00:00-0800
SMBLBWKLG466,SMBLB94,BULB WAS LOOSE,2013-03-01T12:00:00-0800
SMBLBWKLG467,SMBLB94,BULB OK,2013-09-09T12:00:00-0700
SMBLBWKLG468,SMBLB94,OK,2013-12-01T11:00:00-0800
SMBLBWKLG469,SMBLB94,BULB WAS LOOSE,2014-08-13T01:00:00-0700
SMBLBWKLG470,SMBLB94,BULB APPEARS TO FLICKER; HOT TO THE TOUCH,2014-09-09T09:00:00-0700
SMBLBWKLG471,SMBLB95,CLEANED OUT DEAD BUGS; EVERYTHING OK,2013-02-28T17:00:00-0800
SMBLBWKLG472,SMBLB95,LOTS OF DUST; OTHERWISE OK,2013-11-29T10:00:00-0800
SMBLBWKLG473,SMBLB95,LOTS OF DUST; OTHERWISE OK,2014-06-09T03:00:00-0700
SMBLBWKLG474,SMBLB95,SOME DUST; NO ISSUES,2014-06-22T03:00:00-0700
SMBLBWKLG475,SMBLB95,BULB IS FLICKERING WITH A LITTLE HEAT,2014-10-18T04:00:00-0700
SMBLBWKLG476,SMBLB96,OK,2012-07-31T22:00:00-0700
SMBLBWKLG477,SMBLB96,NO PROBLEMS,2014-04-07T22:00:00-0700
SMBLBWKLG478,SMBLB96,OK,2014-07-20T22:00:00-0700
SMBLBWKLG479,SMBLB96,SOME VISUAL DAMAGE; BULB STILL WORKS,2014-09-23T03:00:00-0700
SMBLBWKLG480,SMBLB96,BULB IS DISCOLORED; SOME FLICKERING AND HEAT,2014-12-20T10:00:00-0800
SMBLBWKLG481,SMBLB97,LOTS OF DUST; OTHERWISE OK,2013-03-25T06:00:00-0700
SMBLBWKLG482,SMBLB97,FIXTURE COSMETIC DAMAGE; BULB IS GOOD,2013-08-22T21:00:00-0700
SMBLBWKLG483,SMBLB97,FIXTURE A LITTLE DAMAGED BUT WORKING,2013-10-16T02:00:00-0700
SMBLBWKLG484,SMBLB97,BULB OK,2014-01-08T21:00:00-0800
SMBLBWKLG485,SMBLB97,BULB APPEARS TO FLICKER; HOT TO THE TOUCH,2014-09-09T13:00:00-0700
SMBLBWKLG486,SMBLB98,SOME DEAD BUGS; OTHERWISE GOOD,2014-08-19T16:00:00-0700
SMBLBWKLG487,SMBLB98,BULB A LITTLE LOOSE,2014-10-02T07:00:00-0700
SMBLBWKLG488,SMBLB98,FIXTURE COSMETIC DAMAGE; BULB IS GOOD,2014-10-01T17:00:00-0700
SMBLBWKLG489,SMBLB98,NO ISSUES; SOME DEAD BUGS,2014-10-02T00:00:00-0700
SMBLBWKLG490,SMBLB98,BULB IS NOISY WITH LOTS OF FLICKERING; SOME HEAT COMING OFF THE BULB TOO,2014-10-25T16:00:00-0700
SMBLBWKLG491,SMBLB99,SOME DUST; NO ISSUES,2012-11-02T13:00:00-0700
SMBLBWKLG492,SMBLB99,SOME DUST; NO ISSUES,2014-03-06T22:00:00-0800
SMBLBWKLG493,SMBLB99,SOME DUST; NO ISSUES,2014-08-09T10:00:00-0700
SMBLBWKLG494,SMBLB99,BULB LOOKS GOOD,2014-09-03T09:00:00-0700
SMBLBWKLG495,SMBLB99,BULB IS TURNING BROWN FROM HEATING; FLICKERING,2014-10-24T12:00:00-0700
SMBLBWKLG496,SMBLB100,BULB A LITTLE LOOSE,2013-08-28T04:00:00-0700
SMBLBWKLG497,SMBLB100,NO ISSUES; SOME DEAD BUGS,2014-10-03T15:00:00-0700
SMBLBWKLG498,SMBLB100,FIXTURE COSMETIC DAMAGE; BULB IS GOOD,2014-10-11T01:00:00-0700
SMBLBWKLG499,SMBLB100,BULB OK,2014-10-14T03:00:00-0700
SMBLBWKLG500,SMBLB100,BULB STINKS OF MELTED PLASTIC; VERY HOT WITH FLICKERING,2014-10-24T10:00:00-0700